target,prediction
2.661690165775543737e-01,1.941746546428784193e-01
2.191241208723715417e-01,1.741410823332643631e-01
2.021787801993973899e-01,2.680352934551161748e-01
4.595612422930960284e-01,2.822157793956256988e-01
3.073504648758991209e-01,1.713546814667800122e-01
2.357491352305252919e-01,1.149713602171691385e-01
3.226836615903123096e-01,2.300275887787146534e-01
2.799447721199983530e-01,2.345404544053897866e-01
3.531261550904787327e-01,2.476227284086453539e-01
2.649984536443432681e-01,2.363046606242102388e-01
2.263740480155710666e-01,2.891175460888805171e-01
3.215405038345641175e-01,3.105229873322741252e-01
3.918376392761246940e-01,3.481806499823235090e-01
3.262116503942829038e-01,3.614929303318762943e-01
2.487030160619257690e-01,3.702395887260114815e-01
2.254388446535853519e-01,2.681691575069778954e-01
3.593125479486303231e-01,3.660544995669766100e-01
3.261727788416646234e-01,3.584262489893154657e-01
3.016434680068107999e-01,3.906238699588362451e-01
2.823610958508833146e-01,3.091758239093026495e-01
3.936668596553026811e-01,3.925143022963654138e-01
3.181603570344675447e-01,3.474781184935220035e-01
4.732900874520764578e-01,3.898256697304076646e-01
4.012168092350020254e-01,3.839126930636859170e-01
3.158691270729913070e-01,4.253039882702649432e-01
2.868157143750661997e-01,3.126311916972721594e-01
3.187397009698978434e-01,4.100009460311905274e-01
2.933421573490814782e-01,3.273788895150966938e-01
2.570933137242123467e-01,3.700576342765817817e-01
3.882395668352610629e-01,3.999633055877098720e-01
3.248187288522711436e-01,4.012635599440484979e-01
2.741576748682892362e-01,3.013061151408560345e-01
3.115138968231743188e-01,4.040637976664227526e-01
4.088652464047516366e-01,3.766323270730601580e-01
2.910344556076032152e-01,2.967067494997246979e-01
3.357006005990632591e-01,3.736142369184550782e-01
2.851504373018360905e-01,3.839836883446442473e-01
2.954185065652281672e-01,3.965267510214987023e-01
3.756245280629877392e-01,4.044760164806719960e-01
3.874440057328284448e-01,4.224773619139595704e-01
3.034562059542359469e-01,4.277088903012293275e-01
5.109774794201252801e-01,4.406177971382806424e-01
4.357120275931607445e-01,4.620171162900193473e-01
3.234441865782276548e-01,4.654456466097536826e-01
3.837321209777070363e-01,4.732656963133204386e-01
4.375759271711863185e-01,4.911876512979665432e-01
3.181043941298892230e-01,3.854424002758927159e-01
2.612916323570545485e-01,3.387757385308050595e-01
4.474427781167134022e-01,4.293450789201085915e-01
4.635658085505892645e-01,4.343385014250951692e-01
3.483360573390122950e-01,3.366196679332278952e-01
4.110422111203926310e-01,4.149091641916170525e-01
3.179817409459121946e-01,2.978218665866746440e-01
2.827623949436356421e-01,2.728747374585339669e-01
3.747570587184259061e-01,3.342249692286698437e-01
2.867877217043641735e-01,3.562313608101322915e-01
2.474874854897986531e-01,3.630406517175363001e-01
5.297720519785040771e-01,3.848294304602433158e-01
4.363968921265716228e-01,4.016478853370479829e-01
3.306597141021154762e-01,4.064417926311300056e-01
2.926914683517722882e-01,3.181139701643880824e-01
2.634581611959554426e-01,3.976686622533580628e-01
2.325544484046473681e-01,3.619843069954612469e-01
3.148349405203474394e-01,4.018554243043928609e-01
3.633595218208214295e-01,4.131544190017619744e-01
2.782424005478424944e-01,2.977363320826861282e-01
2.435355565691587065e-01,2.397438402430797644e-01
2.559859138340551676e-01,3.089869579974332536e-01
2.511507736480930175e-01,2.156010515248870663e-01
2.468248142607333828e-01,3.189170275126894660e-01
3.237825646939305746e-01,3.101459976377545225e-01
2.979788033903076339e-01,3.358434951789674994e-01
4.082742958113859677e-01,3.509660575140979843e-01
2.917557577976414018e-01,2.585872075837734041e-01
2.354292255737319428e-01,3.444285797344434075e-01
2.154129025570448719e-01,3.596852034519767427e-01
2.946728560940486963e-01,3.934206618143104572e-01
2.645277777194051660e-01,4.058050089626974444e-01
3.155357388417807663e-01,3.926385716112349433e-01
3.399044643137585364e-01,4.341065745488274508e-01
4.783118754026115527e-01,4.375087643097476109e-01
3.299250725520709304e-01,3.617869865582939992e-01
2.687197062701016659e-01,4.231322755383644107e-01
2.920891038606537871e-01,4.424882237917860395e-01
4.494464931766901650e-01,4.467846367846068922e-01
3.646754039143998982e-01,3.888867976882890432e-01
6.033474680934756140e-01,4.432046215889803298e-01
5.039652557101640395e-01,4.538429962866021294e-01
4.917375704444930662e-01,4.626133843215760599e-01
4.094877446380812414e-01,3.914765643894500546e-01
3.160940418814586206e-01,4.518379507920892713e-01
4.729167285407210874e-01,4.663458777135115474e-01
4.090876505975588051e-01,4.528259362701587687e-01
5.953271069203847077e-01,4.670096888746624320e-01
4.506668688512266430e-01,4.745709576405743868e-01
3.704958733692741424e-01,3.869703436494010274e-01
5.510073767365457620e-01,4.837978462113070588e-01
4.674521993250376761e-01,4.333050607605654081e-01
3.573481370701053761e-01,3.835767209520043464e-01
3.914776877992338644e-01,4.386638488122581170e-01
4.806716993661770410e-01,4.445482172896914608e-01
3.972269363511963247e-01,4.333633818849345065e-01
4.711526246362184311e-01,4.540082749690161901e-01
5.480603047156150653e-01,4.593315145608763972e-01
4.020952514872666583e-01,4.559116391553270642e-01
4.322884592378767321e-01,4.610874032717566240e-01
3.911814935739409416e-01,4.906461326595655814e-01
3.477132881809899545e-01,4.945086281835791020e-01
4.327379320118770467e-01,4.949777915090360914e-01
3.328014250550548336e-01,4.035798857774440807e-01
3.726224007570325680e-01,4.704417274881428357e-01
3.724970730545403841e-01,4.714384851546575272e-01
5.437969931597680384e-01,4.809211387792882153e-01
4.758979055930512292e-01,4.924639433029700530e-01
3.633897396733438701e-01,4.133403044670571624e-01
4.881973042898617443e-01,4.810263860744508069e-01
5.557565401544034556e-01,4.787787467329203128e-01
5.480780614700514475e-01,4.867811305180795856e-01
3.907084992578191418e-01,4.551485131759687164e-01
3.714926395039824802e-01,4.010445841363841080e-01
3.101206747022974275e-01,3.407934909329016770e-01
4.088342310557208092e-01,4.369208345334402166e-01
3.611359215880662887e-01,3.569334601710009713e-01
3.114308937673780919e-01,4.017631157686430976e-01
5.413073398715098072e-01,4.119648986333629415e-01
5.574636029076061039e-01,4.308514788795727579e-01
4.687626253899426221e-01,3.889469655826439110e-01
3.500834685473178665e-01,3.039900882001783655e-01
2.984181047142865362e-01,3.456694256834947909e-01
2.555288785458586509e-01,3.250354355837802300e-01
3.400378577028534410e-01,3.711110314490448925e-01
3.016384652909279707e-01,3.665572976733976751e-01
3.042231388595822983e-01,3.682611168773637367e-01
3.582550799829282706e-01,3.734125367847374033e-01
3.679133310589449701e-01,3.747510004080617518e-01
3.273889007702324161e-01,3.918601313738537817e-01
2.648076609180539664e-01,3.910076746252332258e-01
3.091856071891814217e-01,4.209093448684139704e-01
2.802559171821233930e-01,4.234583526342827198e-01
2.299548194946909596e-01,3.319989280684632615e-01
2.694900758753007719e-01,4.036546750694712804e-01
2.517213176815352726e-01,3.636636244633079662e-01
2.990847275569435970e-01,4.180415419990548553e-01
3.623834817686383269e-01,4.375941879312866822e-01
3.811999488251472945e-01,4.308713817345965480e-01
2.861623794998182646e-01,3.657580816186621897e-01
3.704162311298512256e-01,4.307296417019370049e-01
3.598019395968109491e-01,4.240350673434548079e-01
2.653999166132147147e-01,4.289023360045221001e-01
2.772670363134953631e-01,4.321493378449150491e-01
2.844146076203515339e-01,4.596826289188300496e-01
2.571189013040171001e-01,3.480224384160937601e-01
2.332487966853997730e-01,3.063478513327527741e-01
3.852415246332785426e-01,4.013387779499578700e-01
2.845403690351552273e-01,3.399734919655262311e-01
2.954072960182825280e-01,3.822199526954789262e-01
3.940852518819151218e-01,3.987502310443867826e-01
3.014492473916912663e-01,3.133482622771438519e-01
3.529317433080089161e-01,3.943573354329383829e-01
3.644648099902590976e-01,3.900811247326782527e-01
2.755453713396657789e-01,3.572033130719122207e-01
2.444056943532515458e-01,4.022992442659644174e-01
3.582185223738740820e-01,4.151748592970109231e-01
2.825011666161986179e-01,3.820542831418030638e-01
3.319665040754493646e-01,4.199859197773789798e-01
3.808410481426521832e-01,4.115668706290759316e-01
3.051546728619165538e-01,4.266328197474629214e-01
3.539596834195627428e-01,4.001240217143460232e-01
2.885858940361036851e-01,3.313045170165032083e-01
2.920749058789729458e-01,4.129253206431821588e-01
4.940762987419881069e-01,4.112930756472947813e-01
3.899136446231069586e-01,3.881757224297770481e-01
3.287432155363150255e-01,4.227500007323676812e-01
2.589407431957688743e-01,3.252306494748767318e-01
3.394052213801520557e-01,4.144855433400758127e-01
3.044352857073395757e-01,3.704242682011669174e-01
2.835455441362673135e-01,4.020465596837689559e-01
2.869382065278887062e-01,4.167599905422458839e-01
2.939699010934664347e-01,3.633526102848505523e-01
4.155249810769269248e-01,4.156139782904318403e-01
3.005975187187479580e-01,3.199793769590542070e-01
3.515345080329310701e-01,3.987088926818569412e-01
2.647442571157212488e-01,3.978306825971181238e-01
3.999607392994031230e-01,4.193285587839308270e-01
3.677206640666736970e-01,4.304852301184548535e-01
3.385912871278790037e-01,4.399017658234916639e-01
3.979191635142776962e-01,4.471024386348306789e-01
3.091868956389550727e-01,4.203166746978146406e-01
4.066206203275360975e-01,4.612268465769736037e-01
3.091195323005423434e-01,4.593057668541548066e-01
3.335358410348955305e-01,4.649120200766678757e-01
5.325891748768414313e-01,4.794388469313108914e-01
5.033859449335932323e-01,4.825129975669295579e-01
5.765188425869685052e-01,4.899102924158795780e-01
4.546090084503762174e-01,4.757134679136210131e-01
4.860575517158193248e-01,4.875387454889138494e-01
3.774728577567448840e-01,4.585880618570997713e-01
4.114507007277518058e-01,4.821747260254873324e-01
4.379126247834064234e-01,4.777323763807407309e-01
4.001380591414087640e-01,4.758741510492263682e-01
4.389284332693169643e-01,4.704003210448571282e-01
5.169179020586276430e-01,5.033635373846289118e-01
5.603588313585885494e-01,4.966571553096837954e-01
4.134084787867253752e-01,4.072794918217875204e-01
3.320330040237644553e-01,2.854056120472954206e-01
3.126666242050749611e-01,3.706175896393846259e-01
4.444901741239741799e-01,3.692427389099413038e-01
4.431615740565258976e-01,3.760653228723040975e-01
4.357240907353828741e-01,3.884990658954866061e-01
3.848111858788345607e-01,4.056974077326984673e-01
5.109546143905892013e-01,4.123756915684072544e-01
3.845433578951684694e-01,3.436675172335855177e-01
3.279350764459825207e-01,4.108841620529002370e-01
2.762623743212087035e-01,4.254203232032292559e-01
2.966344078365962256e-01,3.973886901613454814e-01
4.144496752782632631e-01,4.233812192118452389e-01
3.812541640875514171e-01,4.024275018651081726e-01
3.921788222279621872e-01,4.364129861905949870e-01
4.025399959127452520e-01,4.193670208389654319e-01
2.967852917662708867e-01,3.157120711315122286e-01
2.447259719584869431e-01,2.743486054882450231e-01
3.361297616437509683e-01,3.814211088777859637e-01
3.182515029566274634e-01,2.943981144220240154e-01
2.792952558079588865e-01,3.063691945515030768e-01
3.047702398153173675e-01,3.391865237146732825e-01
3.056866144791369200e-01,3.586126773561880698e-01
3.685654114080308963e-01,3.678513877496437101e-01
3.198040159544190408e-01,3.297237837098584978e-01
2.468579578709586830e-01,3.743735065086857272e-01
2.246703403673282473e-01,3.953836496392739708e-01
3.138501742034255360e-01,3.905816249322933142e-01
2.512872756040833711e-01,3.202896052594622067e-01
2.484827952742655055e-01,3.877120685981495507e-01
2.208903590180928411e-01,2.946687966842180817e-01
3.981250271024743270e-01,3.819125379405899912e-01
3.197700666483245246e-01,2.994976522732176183e-01
3.083858862684897284e-01,3.686319861888802674e-01
4.074074801338307683e-01,3.765405040433206230e-01
3.825995978021621280e-01,3.669940087611255897e-01
2.910121299225992275e-01,2.832137104024110008e-01
2.607598484240074010e-01,3.690374536714229325e-01
2.824404803751507931e-01,3.712682538914665598e-01
2.317043085520462398e-01,2.533027473745263491e-01
2.348636136442156797e-01,2.305162482820530823e-01
2.340449981716429262e-01,3.068826859327281054e-01
2.495453681614835939e-01,1.985665207981896496e-01
2.634528199729119224e-01,2.758006207157252532e-01
3.326926780135548989e-01,2.950360382859604225e-01
2.670188950674785566e-01,3.192300492345951923e-01
3.686830756271367582e-01,3.335463680831109445e-01
4.048807084810359669e-01,3.511136492162049150e-01
2.877580914546790103e-01,3.105302097416075546e-01
2.550266489594350539e-01,3.735438930662350332e-01
2.279055288606946783e-01,2.803900783624077020e-01
2.358734201495763516e-01,3.656448448725265754e-01
2.325472594758872802e-01,3.403703887039896125e-01
5.124362455276539885e-01,3.754774411643901355e-01
5.735806080245400285e-01,3.792471647904089305e-01
5.110702839599225999e-01,3.947505491970070279e-01
4.887090856859777066e-01,4.038185538168709288e-01
3.624649894596364552e-01,4.044109570264773912e-01
5.926306989360750066e-01,4.297732657128958134e-01
4.225015364570304799e-01,4.382429491940412203e-01
5.364777889754064333e-01,4.408281085471571492e-01
4.507842273240737496e-01,4.541242530697726099e-01
3.466735392714096475e-01,3.717992989418767436e-01
4.345620804980768748e-01,4.288208016375703036e-01
5.144335891357126878e-01,4.407837652993401578e-01
3.875327638839948241e-01,2.329369210593361661e-01
3.527422445750053592e-01,3.379247532282967925e-01
6.036047109481783579e-01,3.530485896504740873e-01
5.117962662670874074e-01,3.327147179127042387e-01
6.254294442060738257e-01,3.644110802555686202e-01
5.103273764387022959e-01,3.585572070229942065e-01
3.769413210652855506e-01,3.763480199534786630e-01
3.302097528027255757e-01,3.130235093302713434e-01
5.803959593949645779e-01,3.900396606107781050e-01
4.450602888067265450e-01,3.954364342632221696e-01
4.259881846364710345e-01,4.075380369673511360e-01
6.315971341189562382e-01,4.244423034392714178e-01
4.876676295110958792e-01,4.179509382910259752e-01
6.578599618069055355e-01,4.421991658086869004e-01
5.553433801623188781e-01,4.552677466656872562e-01
5.200838028546750369e-01,4.591642178845108391e-01
3.909358157175333304e-01,3.981608562080610758e-01
6.133337488654625469e-01,4.525410016619862974e-01
7.386352274019886144e-01,4.660145576542090162e-01
6.060878522897275023e-01,4.295235412222215832e-01
6.121024137412590660e-01,4.440901158378687819e-01
4.721322870723967391e-01,3.351135869458742311e-01
4.868920433481106480e-01,3.880057744482631188e-01
5.077664890235907835e-01,4.030836521628922142e-01
4.949618281481358295e-01,4.158164735621366903e-01
4.029714846409636619e-01,4.273251846558447919e-01
6.305125452586195500e-01,4.316927343686900453e-01
5.961195391614996231e-01,4.306960685858647331e-01
4.652231520787613039e-01,3.627978639047496068e-01
5.251748447720906432e-01,4.431376773787402690e-01
3.980450985202438341e-01,3.508030553565011922e-01
3.867269771618342400e-01,4.212002625105215614e-01
3.875254651761097513e-01,4.270457070264080390e-01
3.659394867187720779e-01,4.215530038574719640e-01
3.369242222217188054e-01,3.369826735054685107e-01
4.820214960034641116e-01,4.177115735035688004e-01
5.007253730433184336e-01,4.387996546565520739e-01
3.762790232442632110e-01,4.008089374978728303e-01
6.141396815611291915e-01,4.402023864338375225e-01
4.467129949538891642e-01,4.360413988742968816e-01
4.921352591134543486e-01,4.568171444853521557e-01
4.560357837810973258e-01,4.521555195351589784e-01
3.630541060041425627e-01,3.451585146378302604e-01
2.938554375603242286e-01,2.797692720374511666e-01
2.600784662513103696e-01,2.249335361397641897e-01
2.497472477314039707e-01,1.660795086566375645e-01
2.661447766619041699e-01,2.647954537719334756e-01
3.543116094416884909e-01,2.693018733209868731e-01
4.140868211045284353e-01,2.924977806148447712e-01
4.058156846294657116e-01,2.972979848453728424e-01
3.885361793178240264e-01,3.136284518234879748e-01
2.919218909067236023e-01,2.255375284391595292e-01
2.576014189959664469e-01,3.365855879089265090e-01
2.221812098015082115e-01,3.098610420348106853e-01
2.144223782556593239e-01,3.498842040540685039e-01
3.121760370377479332e-01,3.641452632341894979e-01
3.264325138341549470e-01,3.702411096909377641e-01
2.537019442522193136e-01,3.169828320598577220e-01
3.382847813749271793e-01,3.797895420406549594e-01
3.656667376989151119e-01,3.809570144282773407e-01
2.947534712164988635e-01,3.947479477813264914e-01
4.562195175657437485e-01,3.994494347449294991e-01
3.303436558222613284e-01,3.697924838135586700e-01
4.205047855041735838e-01,4.201639709302206205e-01
5.455718030942791064e-01,4.521084572315571259e-01
5.631967374404668325e-01,4.684335257334389935e-01
3.834445498559440058e-01,4.812934280826557387e-01
4.511093186870306360e-01,4.770642582933266040e-01
3.465488843516297823e-01,3.809075214336664073e-01
4.267102845126319322e-01,4.719342037206302187e-01
5.775662198448264784e-01,4.597359164095796147e-01
4.258424380258429842e-01,4.470491847829902721e-01
4.254374920539538696e-01,4.611977491772352167e-01
4.282812629667660520e-01,4.378279828361759107e-01
3.824492671081665129e-01,3.780199239252376442e-01
5.932408046439635596e-01,4.519093382701921402e-01
5.429180500507345686e-01,4.517285309790397552e-01
4.030582212897347860e-01,4.565806283146148781e-01
5.185176848511739989e-01,4.683015714610998526e-01
4.544183420920647754e-01,4.362873709096140029e-01
4.167169051056840434e-01,4.631201296126835620e-01
4.846608201438963315e-01,4.746932504238970951e-01
4.439334237523623328e-01,4.770348288165455752e-01
3.841548632677175279e-01,4.894995329295801501e-01
5.783754626708872415e-01,5.004452512400127118e-01
4.986745883788287204e-01,4.783618547825996825e-01
4.398265348155510068e-01,4.591024042653252812e-01
3.366040225551841791e-01,3.882302266026030901e-01
3.416718970372789599e-01,4.665574257673000269e-01
4.952857125402054805e-01,4.702536199084038082e-01
5.076754575659012669e-01,4.629468559287388540e-01
6.346205977483673211e-01,4.746430528127344450e-01
6.552306469915427645e-01,4.776919796976376031e-01
7.029660156433631402e-01,4.858541035942747222e-01
5.392952855827063408e-01,4.822470107758357050e-01
5.069017092562125848e-01,4.954338257436711190e-01
3.850790746395970077e-01,5.037081906618705585e-01
5.618648235416167092e-01,5.193957983902162123e-01
4.646514094472489198e-01,4.276194549790877097e-01
4.914634506913085898e-01,5.007961665825331199e-01
5.269018370201626889e-01,4.756760089032159300e-01
4.805744142851222644e-01,4.512012955471914610e-01
3.808890798173117931e-01,3.803768353541923108e-01
4.368916694633161457e-01,4.531395977245513684e-01
3.477881255135122918e-01,3.615289543307578790e-01
4.826678824654052624e-01,4.252183993940630846e-01
4.911726879413068625e-01,4.376695162558078556e-01
4.100286167064303156e-01,4.441855282374230773e-01
4.091320072252249140e-01,4.334630823700644786e-01
4.233410793511357406e-01,4.468318700508184249e-01
3.546179455114232271e-01,4.616544371156077187e-01
2.850918637696873703e-01,4.342343319387954037e-01
4.681358589117504687e-01,4.752040623287049348e-01
3.488432722477375902e-01,4.742046451783430427e-01
3.205014773694263575e-01,3.770565813063302407e-01
2.722276910115306037e-01,3.158496591049818059e-01
3.129163014004391341e-01,3.358189233618231739e-01
2.674782364117791467e-01,2.297341563900431316e-01
2.871179540674992925e-01,2.767389774201078900e-01
3.604804410910207313e-01,3.287538510187676954e-01
3.811119333403987230e-01,3.440675397479523445e-01
4.271504244135153616e-01,3.501797713245375920e-01
5.653528673083961786e-01,3.654238752296994353e-01
3.852666049008248716e-01,3.512021864826527784e-01
2.875171105348966472e-01,2.624099026317351924e-01
2.698222718978635082e-01,3.482091659642799764e-01
2.770000901950455674e-01,3.713469161667735663e-01
2.342615223267107694e-01,2.698444097608235781e-01
5.139612177719785624e-01,3.685607512156973131e-01
5.049008002076735835e-01,3.971088588496002325e-01
5.210746021815604312e-01,4.108395822314777623e-01
5.393592866523650997e-01,4.272279811924969972e-01
3.822432684555113758e-01,3.355835571298877440e-01
3.154181716230466392e-01,4.161482700987947370e-01
2.727727562634625347e-01,3.170742032883587247e-01
5.457974533720809651e-01,3.986217825967262596e-01
3.812277845204534721e-01,3.993774389074087328e-01
5.063784903915676816e-01,4.170772566958796945e-01
3.679108755898123917e-01,3.074981323439585079e-01
3.284681552109270930e-01,2.687953358152272432e-01
4.284548919283399648e-01,3.662093239649054643e-01
3.176534221718896323e-01,2.415094565583407182e-01
2.679368566841017207e-01,1.762518000371817717e-01
2.345221435818546363e-01,1.139871810810859643e-01
2.749512844960038116e-01,9.811907349565018865e-02
3.767355719318803420e-01,2.093950492713674838e-01
4.396172899093081510e-01,2.179155715979015917e-01
3.140558143216347631e-01,2.351083507604901368e-01
2.860316722154529478e-01,2.676774391094050576e-01
2.524050188734685007e-01,1.630872667792149788e-01
2.214014072391740917e-01,2.318830982146246056e-01
2.140876170949337909e-01,2.775876196365751336e-01
2.124628981010603934e-01,2.978255078130047084e-01
2.397859496474762098e-01,3.061627092026166785e-01
4.808979420504359004e-01,3.350454330813811277e-01
5.485040463886042827e-01,3.540494972150446396e-01
6.274118353311695095e-01,3.752672529409681879e-01
5.120254246568215484e-01,3.611515554019024687e-01
3.586552283387394180e-01,3.766193089990155229e-01
2.795964075223174028e-01,2.760381327811526342e-01
2.521525214964389638e-01,2.641790366979229754e-01
3.299413503902378642e-01,3.382345339747053758e-01
3.230841501668823001e-01,2.822661200931121939e-01
3.898626142057316502e-01,3.221068070957159302e-01
3.836096932668303650e-01,3.059002714297275882e-01
4.541608533546751536e-01,3.403582034067865747e-01
4.677509947866744788e-01,3.603833477388499462e-01
3.743172551225950606e-01,3.185928966111752358e-01
2.819726372983857310e-01,2.526293462900218167e-01
2.515108746904807235e-01,3.478512380401433401e-01
3.472780791936386224e-01,3.698803305911843586e-01
2.986982379355223038e-01,3.514711064021036613e-01
3.094098197550679830e-01,3.640840163104558935e-01
2.569374644150664855e-01,2.693578892565430816e-01
2.755532157248289926e-01,3.003088492513151242e-01
2.418078632287455620e-01,2.089223682346541544e-01
2.230482516927615178e-01,1.590002039039477566e-01
2.133217941747284352e-01,2.605899912714895739e-01
2.222825689902969692e-01,1.471504853952446679e-01
2.732993811396053352e-01,2.300118827694483947e-01
3.005933544432086713e-01,2.604826524766932216e-01
3.920775501042021993e-01,2.861587227280882884e-01
2.790206486854191481e-01,2.495324954505626081e-01
2.633952097148770655e-01,2.742184253285785966e-01
2.183880110337183267e-01,2.606692304939121074e-01
2.103195929568663081e-01,3.015812030473459249e-01
3.611791793835014142e-01,3.192527427546927865e-01
2.711237364972431951e-01,3.282926381267290417e-01
3.173543940597110535e-01,3.555010682652941512e-01
2.742695966439318012e-01,2.689811506292380527e-01
3.710565819620081918e-01,3.494625696421971295e-01
3.062707451064046182e-01,3.666999910630817650e-01
3.205455124364510744e-01,4.263008064807090047e-01
3.128133785515977427e-01,4.290767484786113251e-01
2.823210976999446231e-01,4.261686697134668966e-01
2.988233525958874370e-01,3.959078036837822001e-01
3.896320971000183375e-01,4.388995223872106388e-01
3.905822321720383572e-01,4.155406693984218247e-01
2.879283984338533164e-01,3.403125446931204445e-01
3.266686253311421040e-01,3.997178842167921076e-01
2.879602958466842555e-01,3.441672828106316362e-01
4.193875347562869838e-01,4.157961281278740318e-01
4.696161038455440861e-01,4.207679484689567095e-01
4.105309196808687444e-01,4.286113243859876465e-01
2.974543425739558655e-01,3.192838876938960402e-01
3.921604306962860331e-01,3.990533412004204084e-01
3.663488503596110668e-01,4.166510712175993114e-01
3.125279411456950429e-01,4.181752115877774845e-01
3.188073342297227386e-01,4.249749246062861641e-01
3.256430690750572454e-01,4.469671820016635211e-01
3.903756246107509265e-01,4.357953560320722008e-01
3.117101035709320400e-01,3.540189145452383168e-01
3.476343939658771420e-01,4.262529176496131500e-01
2.695375492635131431e-01,4.436014288782400561e-01
2.555738671513711480e-01,3.641304172225992009e-01
2.854932782417310966e-01,4.130836925705154150e-01
5.110937886187374435e-01,4.210782151519983363e-01
3.477722014837921760e-01,3.440351024268979430e-01
3.817239878620861671e-01,3.748164569229764931e-01
3.534769994825683881e-01,4.051339129663561467e-01
2.826502368715032021e-01,4.107455469626328792e-01
3.217598547430868816e-01,4.298326298500582676e-01
4.666105081832769841e-01,4.312602544962365059e-01
3.486508400989930534e-01,4.276311594342327438e-01
2.707350294092087384e-01,3.238938523841464745e-01
3.537103445597375995e-01,3.985517673792007831e-01
2.710415202173043214e-01,2.825839876827269115e-01
2.910197704370428573e-01,3.849455563922265511e-01
3.791317426793032741e-01,3.876679679399822609e-01
2.922294019476470162e-01,2.906676229361944697e-01
3.192114585071902377e-01,3.757549380487165136e-01
4.832173913132149501e-01,3.806575543463036615e-01
4.506748145107043468e-01,3.920642219673520223e-01
3.227085620573261204e-01,4.069738838768158229e-01
3.424782344754443431e-01,4.225229293709672485e-01
2.628315307135811185e-01,3.327915107650050164e-01
3.055726019100657442e-01,4.111728983655396630e-01
5.342713497584969939e-01,4.142969367772755263e-01
3.817213147030872333e-01,4.319687560455534037e-01
3.387199213598239278e-01,4.093065841692263840e-01
4.569280759949101434e-01,4.397605799406988369e-01
5.184923160812954235e-01,4.506109853480327332e-01
5.961415852626961165e-01,4.568956778715058675e-01
5.460614992880700180e-01,4.602551872896560314e-01
3.832358589391609005e-01,4.656554492278578428e-01
4.182294200870082523e-01,4.857212852507355461e-01
6.515959169980285459e-01,4.863729141044328408e-01
5.450979899433169296e-01,4.666291592208933747e-01
4.633991537354607004e-01,4.935308572357256507e-01
4.856219803316988992e-01,4.808945869766878545e-01
3.721207272838364943e-01,4.090518654936725618e-01
4.789114268800688246e-01,4.726771697353610024e-01
4.586868565390044283e-01,4.654027424523620171e-01
4.370540950062662411e-01,4.372610525993852471e-01
5.037920315281840811e-01,4.772174280888360487e-01
6.420073433172924782e-01,4.730830558464013680e-01
5.400894862779803685e-01,5.042780009947692710e-01
5.703454088985890902e-01,5.034652739545703026e-01
5.223624310049543862e-01,5.140943462622745708e-01
3.915599304723110796e-01,5.243125651791383790e-01
3.500224989830450495e-01,4.553188416614573075e-01
4.057577986316002194e-01,5.015878691684070301e-01
3.333454223695415664e-01,4.190499331864428467e-01
4.620353786579300959e-01,4.828786242010414398e-01
5.673071219658377684e-01,4.919523810649991669e-01
4.409192076458940956e-01,4.125123664588092320e-01
6.477023907498359323e-01,4.757619691237672255e-01
5.315395139367528055e-01,4.721084091673757865e-01
6.269711694252827483e-01,4.825968732080875290e-01
4.954478451809316564e-01,4.877968670973172327e-01
4.555782105316864561e-01,4.815472941052984512e-01
3.858923650498906621e-01,4.932763409361026752e-01
5.743421477098381578e-01,5.029044671636212493e-01
7.254481523273972332e-01,5.041723947570831976e-01
5.285942485997294771e-01,4.807882528599368710e-01
6.752901936700113072e-01,4.992065588602657700e-01
5.642403346796520669e-01,4.696488758964115773e-01
4.495288439433826611e-01,3.668113325078787845e-01
4.491478215378951200e-01,4.242958594804682182e-01
3.749479805982565139e-01,3.330067407848316119e-01
5.070686178844898695e-01,4.201612516032079414e-01
5.650948908063105902e-01,4.158626052061686340e-01
4.794257960071469649e-01,3.178198655031856945e-01
4.287814773621959619e-01,4.123133462467659660e-01
3.838890041127190900e-01,3.127875351774059287e-01
3.918132402320932961e-01,3.988631255834065859e-01
3.163180678717464334e-01,3.794364473148245098e-01
3.435057729344412891e-01,4.058361827679710654e-01
3.053447563206402871e-01,4.126597809927012861e-01
4.772609396931944969e-01,4.302069526570656555e-01
4.153149987320073899e-01,4.150873017962699585e-01
3.329546127664005928e-01,4.225266534765882986e-01
3.263023144085868132e-01,4.021002810910340175e-01
3.004449297568081434e-01,4.431624142028597335e-01
4.431340944057174935e-01,4.505413501844086621e-01
3.229644572441260908e-01,3.581384165926870811e-01
4.208561518266293877e-01,4.344660980101204828e-01
4.027014898773823015e-01,4.419952561931683732e-01
5.564527092746569537e-01,4.536765342444957216e-01
4.410910956908967728e-01,4.635705727279336719e-01
4.155055241197302962e-01,4.552388408056205482e-01
3.374895590942313395e-01,4.523843553521776362e-01
4.286375871869427812e-01,4.664875850050608785e-01
6.013187003245217266e-01,4.947365321104084113e-01
4.149292387967701279e-01,3.912615464825939804e-01
4.616350793199555103e-01,4.879588727356883315e-01
3.653965177308816648e-01,3.728219960249552489e-01
5.370439531223775154e-01,4.664022108329271554e-01
4.768480248637783081e-01,4.535847978265936664e-01
4.936597169416375719e-01,4.659559934308807883e-01
4.045426683369798271e-01,4.446802661353244090e-01
4.241947882200419739e-01,4.773494611285137301e-01
3.795888810367542554e-01,3.962787580955921540e-01
3.368997516733469033e-01,4.741029724238475795e-01
3.355239332861179036e-01,4.254415792812622499e-01
2.978687625214164747e-01,4.698593315760115074e-01
4.503451393265526237e-01,4.764234619941253857e-01
3.861273736271224610e-01,4.474655810593733407e-01
3.202694731439583720e-01,3.451283049148283211e-01
2.811660696120003022e-01,2.893008284592218926e-01
2.609299097094321951e-01,1.198423884783763049e-01
2.553537837604276106e-01,2.326177168575154219e-01
3.244093576283468838e-01,2.221930583004398940e-01
2.636905974137082054e-01,1.379157152943621956e-01
4.226975811007461781e-01,2.436712754373470124e-01
3.617744433128436965e-01,2.023776163993067367e-01
2.687457738282116315e-01,1.317847521609431527e-01
2.371298081952420977e-01,1.901647253202458643e-01
2.220279614653297151e-01,1.699593203309292533e-01
2.199477638924806910e-01,2.040269192810935106e-01
2.395542998052767603e-01,1.983826548834917158e-01
2.491456042896287859e-01,2.368923781797588890e-01
2.405767756330265961e-01,2.654666725571439567e-01
2.275186408392297910e-01,1.634042843177615500e-01
2.054225279241964353e-01,1.185374027066335989e-01
1.870468578147262972e-01,1.830219569800100032e-01
2.296651060480862927e-01,2.058681170901570101e-01
2.457732651854906136e-01,2.311488656494666283e-01
2.467520142799176919e-01,2.026266814003289674e-01
2.048536919128848277e-01,1.381957163650205378e-01
2.970351689341246271e-01,2.340590034892046090e-01
2.832528280698326517e-01,2.263919303787941817e-01
2.311617308034513985e-01,2.619382862400329581e-01
1.990814342995399222e-01,1.606508068161386360e-01
1.965680597226088233e-01,1.255949080018668451e-01
2.932045076332484568e-01,2.497969193094671803e-01
2.706565913609036422e-01,2.071685785486067077e-01
2.843482555538313639e-01,2.639852515875629746e-01
2.266224427865961288e-01,2.692998771770583333e-01
3.727264480666190316e-01,3.121284666107972949e-01
3.575118200665913237e-01,3.217395523236722399e-01
3.445785850718604548e-01,3.484913687927790882e-01
2.843151702907238398e-01,3.583551028261331983e-01
2.577262107623370380e-01,3.781606124864124174e-01
4.021901378721447484e-01,3.815265981253310179e-01
3.249747634237915017e-01,3.983027655972248837e-01
3.937551693840279921e-01,4.123371314068526861e-01
4.591349612948979475e-01,4.223691995950277223e-01
4.339651879235691956e-01,4.341699884423341205e-01
5.444278912431279593e-01,4.483853060708545279e-01
4.012388597214044950e-01,3.867879118724854015e-01
3.244678549047819160e-01,3.318917533097197614e-01
4.742897714610816440e-01,4.219005519052078101e-01
3.885120862212844139e-01,3.421741503785501459e-01
3.524636423655361783e-01,3.733004067642027302e-01
3.748969791729158674e-01,3.909920561119535898e-01
5.656668767465393710e-01,4.041710434490995985e-01
4.574890692059466746e-01,3.876747126895747630e-01
3.771297298701054013e-01,3.085143886944868852e-01
3.245695076768952969e-01,3.790567568309533564e-01
2.872661401833034311e-01,3.899616210958935514e-01
2.583171397918382350e-01,2.991165555962148059e-01
2.640087600358524966e-01,3.877851790676902777e-01
3.101301132257866522e-01,3.979749159151648730e-01
3.197309197898858812e-01,4.102657377075710210e-01
5.198331930627125841e-01,4.198628587995646422e-01
3.941182413102142235e-01,4.119812479729433874e-01
3.291250695728888953e-01,4.345493569473355966e-01
2.814830100325121931e-01,3.396874840690211617e-01
2.729124774735354197e-01,3.259288655515947264e-01
2.365141089276684427e-01,3.965476163139080579e-01
2.946886431029018816e-01,3.779470017736498155e-01
3.784425510682488669e-01,4.050520810334723443e-01
3.845465775755227966e-01,3.986650143629995591e-01
3.729916868871898661e-01,3.794279684114682527e-01
3.463796615849206173e-01,4.220200874719033934e-01
4.838789092337001385e-01,4.395831944745833830e-01
3.326920154675321872e-01,3.423240462261064598e-01
2.853094476735014151e-01,4.328110089896342050e-01
4.308489190190544216e-01,4.338685203947802993e-01
3.089934208838631680e-01,3.284532008669454606e-01
3.934727983447743327e-01,4.188132775013257980e-01
3.378506313064826294e-01,3.672764947577330519e-01
2.985222714426341017e-01,3.680490071517197870e-01
2.438449025754482746e-01,2.838329111784281267e-01
3.229482600409347981e-01,3.445606495292220517e-01
2.807603806946454839e-01,3.833554697570727976e-01
2.468206637498434330e-01,3.141650325234676133e-01
4.976745717087454057e-01,3.705517866991830944e-01
3.362979777649909296e-01,3.624451328522692028e-01
3.884901575983582545e-01,3.841004716630097016e-01
3.031316524250548539e-01,3.579487817222226087e-01
3.568614946258186205e-01,4.071256687777063399e-01
2.657800716712421796e-01,3.552245922322964100e-01
3.224900300004251985e-01,4.114041386520745358e-01
4.151623226866982819e-01,3.977231850890073361e-01
3.048846958201795188e-01,4.056806810086397430e-01
4.771004555526665580e-01,4.330187276865520296e-01
4.585048567346078352e-01,4.437062341632433959e-01
4.836606944806542963e-01,4.598403907661450241e-01
3.430474169038725263e-01,3.504004364496454138e-01
2.733795072027227491e-01,2.850037112897160774e-01
2.527563813554377647e-01,3.458071584607659288e-01
3.174064609242347457e-01,3.550990144984382257e-01
3.060614323136510162e-01,3.136175606642430114e-01
2.697250456452312539e-01,2.712555657718757063e-01
2.994382955787754375e-01,3.262756469309979201e-01
4.593036246775688003e-01,3.419655957579439409e-01
4.356600120987196290e-01,3.334701911270755437e-01
3.192952973750379231e-01,3.600216544860642132e-01
2.519075299319282757e-01,3.775697050459669857e-01
2.987695788172944900e-01,3.917966604752101123e-01
3.198134815965149036e-01,4.058394690594526732e-01
3.310029303271296297e-01,4.209164514402649049e-01
2.929187765730828508e-01,4.281736974561505260e-01
2.411101554094795540e-01,3.228485456667913311e-01
3.109703669548978811e-01,3.960369949174964987e-01
2.811242485321608919e-01,3.783919780994297599e-01
2.734669252131273209e-01,3.418252694180909934e-01
3.563366739271913719e-01,3.934306072162255807e-01
5.130798025049615463e-01,3.989674850370495962e-01
5.300288945298676779e-01,4.157167979784496814e-01
4.447906469548266184e-01,3.989780406377557709e-01
4.070418244443321232e-01,4.158780136622979295e-01
3.018925845981551559e-01,4.083511529283225805e-01
2.957135751787771660e-01,4.144100070984932938e-01
2.901027118056973553e-01,4.310061322545765128e-01
3.178061521938947420e-01,4.437958868339193508e-01
2.742906345659281708e-01,3.412245323234768257e-01
3.604191103752981684e-01,4.357395485223382048e-01
5.413979564071593753e-01,4.296335428286861546e-01
4.307070717159809936e-01,4.370955143674261634e-01
3.692045264376219160e-01,4.337860623141117644e-01
3.606059614301830862e-01,4.616720052259705720e-01
4.069717690222267592e-01,4.556281457897961573e-01
4.227228998640923940e-01,4.785938356212249278e-01
6.446339795077822288e-01,4.709859749630896375e-01
4.435439188369016961e-01,4.951116578585911809e-01
3.735415699955562108e-01,4.623091895226113524e-01
3.397387682179558444e-01,3.728824032343061035e-01
4.799809884326106113e-01,4.609845839907728005e-01
3.726604305484885193e-01,4.059212002592227919e-01
5.161151291632105620e-01,4.433618977971005570e-01
5.858532858021369139e-01,4.411988232773343399e-01
5.245098069043985234e-01,4.343738170340087912e-01
4.856371505135494981e-01,4.303864391894760000e-01
3.648633374027215881e-01,3.428688930062708806e-01
3.935347302817314707e-01,4.367979677999667132e-01
3.338557009710307888e-01,4.319819948775649454e-01
5.451711017763724021e-01,4.366289029865975113e-01
4.370536367439332714e-01,4.462339934247190332e-01
5.968454634127859926e-01,4.602303782250281583e-01
4.448197432597407186e-01,3.669906094875237113e-01
4.438465376737938950e-01,4.577460119256736015e-01
4.155776216131712442e-01,4.562377713454782713e-01
3.202432156873619706e-01,4.529596267013577537e-01
3.303936318385508608e-01,3.917781013557554148e-01
3.624428795874429232e-01,4.199530819141999993e-01
2.909271241396440555e-01,3.300986312797830613e-01
4.259900444938592434e-01,4.170737991317726712e-01
6.447385757232457770e-01,4.181517012263662458e-01
4.641882971182434980e-01,4.276528371078152091e-01
4.639447533691141157e-01,4.300820963255392315e-01
5.240804897702057152e-01,4.388384887526487477e-01
4.250628657551054346e-01,4.189521687845317310e-01
3.428479343212887942e-01,4.284770749607518248e-01
3.392787481588376286e-01,4.419104453467465055e-01
2.800582283636579572e-01,4.486882226939882812e-01
3.383160986426734240e-01,4.577910441712331746e-01
4.963818031159517030e-01,4.729538245650588002e-01
6.090524483979936621e-01,4.735307669381856877e-01
5.858592643590825322e-01,4.794848949699138663e-01
5.919006605798092790e-01,4.944639556513332201e-01
4.764748868090457057e-01,4.813306076501644437e-01
4.553175978288798165e-01,4.973112898565733020e-01
3.953296441563551866e-01,4.941348528029944620e-01
4.452328053925119766e-01,5.128636754310299528e-01
4.511474699275250799e-01,5.198493696914150419e-01
3.577242396713028461e-01,4.295452344128751765e-01
5.437274547473167630e-01,5.006583074858373950e-01
6.691694593383178402e-01,5.031720788861937521e-01
7.215634537825611483e-01,5.040292119278562133e-01
5.590858180602803484e-01,4.851745239036469592e-01
5.906273258397554127e-01,5.043649995520306240e-01
5.610518567254274558e-01,5.139723512772176317e-01
4.208851426495052728e-01,4.165009192453626996e-01
6.021910591567914972e-01,4.940158599683917018e-01
4.632983066628032498e-01,5.018863539532648632e-01
5.705369176151708910e-01,5.022968758357211350e-01
6.032330734853831311e-01,5.122609311068496707e-01
8.032027320361881939e-01,5.248437602066051699e-01
6.205967733281213539e-01,4.967282659258611122e-01
5.527888696438401084e-01,5.003685710171881240e-01
5.476535383557569192e-01,4.958272177783484280e-01
4.259827760706549338e-01,5.145332238938491454e-01
5.648539557998905059e-01,5.172361379049029706e-01
5.663693642849209064e-01,5.055974970566774473e-01
5.375326649268238333e-01,4.914367173747061779e-01
4.577681391750051398e-01,4.370616889936356775e-01
5.645364016954512731e-01,4.944061149864130700e-01
4.602124120855392020e-01,4.398889375955206127e-01
4.512256990919939481e-01,4.878897249724298835e-01
4.846908627519603829e-01,4.799669882419058120e-01
4.522034619884161000e-01,4.959659115369692839e-01
3.881652825290182740e-01,4.045258691569412202e-01
4.756192616687284769e-01,4.808552016249743044e-01
4.211094590578341457e-01,4.658584906976283579e-01
3.604306302492227276e-01,4.788884220843930839e-01
4.695253732479600650e-01,4.839712492569270275e-01
4.038086529928146540e-01,4.844235471935950388e-01
4.178894828279856588e-01,4.795707335157367579e-01
6.328108725662869860e-01,5.142488251691094137e-01
4.739229355751998218e-01,4.666326796444714153e-01
3.590757555369944454e-01,4.218899833048058712e-01
5.294117042622022984e-01,4.753865393316260013e-01
4.349893887813162108e-01,4.595089476160963970e-01
4.286807974239552621e-01,4.694665548512988451e-01
5.713745737435270700e-01,4.887260001048439051e-01
5.317110449838400310e-01,4.852739231941821663e-01
5.506829661428014333e-01,5.046084784784126143e-01
4.485540597210705416e-01,4.377230211258881787e-01
4.239953635058226755e-01,4.889872372044253845e-01
3.817037048117082332e-01,4.792391944294833173e-01
3.323084801169069458e-01,3.843602961655196437e-01
3.556590754298991630e-01,4.685002308443998453e-01
4.432385498572002369e-01,4.727772897309964750e-01
4.488471020836761749e-01,4.597108113773181737e-01
4.212725611568626238e-01,4.789883104283556570e-01
5.804783481598250194e-01,4.855868902256543773e-01
4.489778630153419270e-01,4.858020657212947513e-01
4.547267138915939144e-01,4.872113965208436093e-01
5.816534378511064585e-01,4.987594960591313908e-01
4.398384063626813445e-01,5.220610922567618939e-01
3.555901793740305905e-01,4.275160544791826722e-01
4.838488288635297563e-01,5.057520205821002257e-01
4.859927103967522921e-01,5.029811835824531396e-01
5.123373692605969199e-01,4.960845915470423750e-01
4.926577964323166636e-01,4.994147605116777133e-01
4.365545345360147822e-01,4.540164828915437822e-01
3.585950541153455351e-01,3.954699566999494986e-01
5.577290883507853847e-01,4.651718088098936166e-01
5.001183349229653130e-01,4.492535407731228503e-01
4.014900767127611569e-01,4.715357103719262089e-01
4.650406898230514674e-01,4.807615924390425954e-01
4.157885710798837620e-01,4.398141402119682963e-01
4.526532917914632970e-01,4.594963139268975483e-01
4.662522308922393277e-01,4.779270147676838443e-01
4.161975881211369410e-01,4.876155039799460744e-01
3.404817172003400394e-01,4.667569587479192261e-01
5.261452669988616604e-01,4.888074770739467834e-01
3.844890236742704026e-01,3.860963847240648783e-01
4.591150906575830470e-01,4.573907022654418175e-01
3.686483054206368681e-01,4.169384540524256333e-01
3.681811999078141717e-01,4.580316130117388917e-01
3.976479928679887976e-01,4.423605712370299869e-01
4.096453033876188421e-01,4.497832546872411741e-01
6.213213394591258210e-01,4.639613536152480955e-01
4.329822634117714841e-01,3.701899121684575911e-01
4.546356174299115427e-01,4.195763513864740890e-01
3.435538305013625671e-01,4.224439441685468588e-01
4.726897169003376753e-01,4.536907071513617273e-01
3.486985157394449364e-01,3.646028198490681715e-01
4.685711482918309967e-01,4.394713364141920597e-01
4.000920585721656764e-01,3.865578952211717323e-01
3.994974828334062478e-01,4.329020649799852904e-01
4.764501150231399418e-01,4.288376221585793457e-01
3.802414677456754655e-01,4.550861564325698327e-01
4.141164440128263236e-01,4.675546259685725570e-01
3.984311461957439349e-01,4.888604265735969068e-01
4.183793421356256648e-01,4.548558872303165579e-01
3.180815114300837854e-01,3.883132905992359163e-01
3.358317583848603460e-01,4.225182185510120147e-01
2.712074746857348062e-01,3.254776043849965661e-01
2.965585509407988596e-01,3.479743699646914989e-01
3.523778466805019827e-01,4.025945445317621330e-01
3.347790246624553490e-01,3.388489560118609356e-01
2.697375721049443675e-01,2.633270888845966606e-01
3.877378641034193718e-01,3.523917408281311836e-01
3.740237973377672498e-01,3.750032424460574276e-01
2.861065855481306208e-01,3.165891722419725829e-01
3.657207340011723318e-01,3.731365128384347418e-01
2.743844563250523727e-01,3.701898786708009981e-01
2.748147434931227373e-01,3.950574540451644578e-01
3.724507196137247789e-01,4.064339199304504713e-01
3.145474403673990116e-01,4.209277503403026088e-01
2.539921917179494004e-01,4.347959726360496324e-01
2.383573693905023660e-01,3.550578247372131457e-01
3.553824110816338200e-01,4.252143879330310128e-01
3.150587296621892852e-01,4.277954858462561516e-01
2.915505837196371575e-01,3.719930628727597388e-01
3.510331451393129409e-01,4.273197314204980612e-01
2.713128397689258398e-01,3.572034329770450434e-01
4.077585504237521974e-01,4.201106544192852454e-01
3.665660812323797701e-01,3.865119239774302828e-01
3.321392888499451468e-01,3.840473662444156555e-01
2.854638737058432518e-01,4.298932446291678922e-01
3.855275244115894395e-01,4.264434803302029620e-01
4.511500429932552292e-01,4.378943274184112777e-01
3.335632819097278379e-01,4.396989697458894009e-01
5.330409362333979884e-01,4.722781786024451423e-01
3.625778292981141071e-01,3.747874406304819161e-01
3.933695624832619364e-01,4.295872631721958101e-01
3.548875327029989979e-01,4.407626335872368850e-01
2.913752042584007440e-01,3.403642722784740449e-01
3.701175699489224202e-01,4.189149168824143343e-01
3.938105922103128931e-01,4.011174714642798955e-01
3.269740807424051932e-01,3.026710080908153189e-01
2.815924658631252520e-01,2.691892948698586530e-01
5.216375213399685462e-01,3.666021171658629396e-01
3.602540132466949263e-01,2.315173060325907417e-01
2.925221758299444419e-01,2.609882436477152234e-01
3.929433233458060615e-01,3.169277910370347229e-01
3.450102071419598460e-01,3.157959329363623224e-01
3.159144240690306971e-01,3.080241794896832475e-01
2.658222362914225978e-01,2.331375560479639897e-01
2.589467154285355344e-01,3.201918138315398843e-01
2.455680415130037375e-01,3.397666957624116413e-01
5.586568624816029560e-01,3.619137625961744709e-01
3.702708531894667310e-01,2.736395396406881009e-01
3.102885882386577920e-01,3.558953490510370354e-01
2.541556919018418403e-01,2.478062793775501205e-01
2.924075643831960392e-01,2.704743720376688310e-01
2.725566840391267509e-01,2.735433718950529558e-01
2.309589429580685138e-01,1.993631163337734047e-01
3.860702347468324414e-01,3.047737351131569183e-01
3.057221282202621793e-01,2.177608316718174231e-01
4.055359318871395446e-01,3.032781871409015451e-01
2.965553425949258859e-01,1.949917624863548582e-01
4.617619097632466030e-01,2.991453763633234453e-01
3.190316907621235654e-01,3.123421855587689699e-01
2.509652854452265602e-01,9.970910736115023987e-02
2.359607440127938216e-01,1.185978212269930276e-01
2.466519087451305992e-01,2.020212737825917704e-01
3.386652171567235969e-01,2.083818220011509070e-01
2.762466576846234201e-01,1.971726512626175709e-01
3.349963188436951844e-01,2.552504086489004731e-01
2.964254495297373726e-01,2.717825851699475770e-01
3.708885202674383486e-01,2.952876376285773485e-01
3.255371512552848734e-01,2.648738776669938288e-01
2.562276191642066658e-01,3.217894585465155277e-01
2.546021690027526763e-01,3.266272672568135693e-01
2.628576034968197472e-01,2.983227464829131259e-01
3.338021783834703715e-01,3.529674396524607460e-01
3.124906789779892113e-01,3.774054529649756295e-01
3.960673227960684883e-01,3.792583496478595384e-01
4.313195332546836402e-01,3.969016326192975619e-01
3.765226661713902967e-01,3.974914775764864516e-01
2.930574712057926190e-01,3.658599529497945646e-01
4.139497057401830826e-01,4.142767530863322167e-01
3.372487916841254707e-01,3.551091963815408148e-01
2.783061556768234857e-01,3.475151692532209013e-01
3.311127883241938852e-01,3.982554841852637417e-01
4.552344350275170370e-01,4.004197823454296312e-01
4.550051982659402139e-01,4.214129439654790144e-01
3.470543346570414966e-01,3.236024387026519844e-01
4.067572689113373441e-01,4.115424389960591900e-01
3.200394109012723032e-01,3.863797378899944679e-01
2.612275268178140819e-01,3.079230906707852156e-01
2.796622203868893708e-01,3.985718003184264280e-01
3.223720959199973812e-01,4.019367853032055904e-01
3.744200614318934361e-01,4.206114276216196823e-01
2.925987071548344365e-01,3.260391874303381066e-01
3.347857068376516310e-01,4.049266238982142108e-01
2.677100192635153419e-01,3.392742516778790574e-01
3.187235174458195042e-01,3.686263514575446321e-01
2.666588027647008863e-01,3.048615172634889792e-01
2.266649360960503179e-01,3.864233669314159347e-01
2.783284737048693502e-01,3.663833802436283205e-01
5.730319204471973071e-01,3.975434116337472901e-01
5.413202158697503208e-01,3.977100371830096237e-01
3.645191116453201374e-01,4.191293958049034929e-01
4.089577652603253455e-01,4.308154501675384163e-01
3.446265629359513971e-01,4.319754459085410891e-01
3.633330547506382624e-01,4.466058354977558986e-01
2.849085395154645761e-01,3.803926728203745888e-01
3.832043449299783466e-01,4.419781112132902257e-01
3.447077378916911239e-01,4.621437615157364398e-01
3.099363506783275324e-01,3.590628124217570272e-01
3.979191198030459509e-01,4.383065347474343620e-01
3.912482736196220001e-01,4.343638010350182599e-01
4.708872145482408955e-01,4.430083750429093525e-01
5.487487292042130260e-01,4.525552517676001973e-01
5.990465039607356657e-01,4.721567145458262504e-01
4.391594472103157454e-01,4.697305140023028125e-01
3.777229010604217230e-01,4.487305466481054661e-01
3.856457992324945350e-01,4.741659116019902864e-01
3.357182429401596169e-01,4.676364892576549415e-01
3.790333191424477555e-01,4.806660820133476508e-01
3.758971800201909019e-01,4.802167703656762821e-01
3.238966784064698512e-01,3.839662316087890659e-01
4.823995545213429770e-01,4.665968853284782059e-01
4.072695619583255322e-01,4.171163055972763045e-01
3.533652318408099235e-01,3.528081903046678125e-01
3.696823040108189184e-01,4.398897678133312228e-01
3.106423126816306723e-01,3.024597170580392014e-01
4.550228708892471996e-01,3.760726810195170189e-01
3.616299034885769315e-01,3.325082528440047591e-01
3.630443464776488272e-01,3.667173752794790076e-01
3.226938510329353527e-01,3.958120192547045502e-01
4.515339562028881648e-01,3.984128041795228503e-01
3.881352319537710871e-01,4.198260363057247924e-01
2.955677272107931075e-01,3.045101762798222422e-01
2.778221074314455863e-01,2.603567650459981953e-01
2.844335709273355661e-01,3.592762817086359028e-01
3.409998498408395307e-01,3.669293248115685357e-01
3.471804026948183686e-01,3.677452402495842709e-01
3.318880305510556461e-01,3.811083701800559442e-01
4.724976377994669630e-01,3.978344102646180214e-01
4.024100897030448154e-01,3.715635514246061755e-01
4.084654219637454675e-01,4.087616491722365630e-01
3.123264009255984353e-01,4.152512470491689367e-01
2.549572780434634089e-01,3.520937894187083916e-01
3.320202246346702357e-01,4.017274754904328060e-01
3.213519990414976935e-01,3.997347778730497292e-01
3.294500052435250792e-01,3.718146700225549717e-01
3.636010547933266057e-01,4.102860179141248897e-01
4.163455830450841777e-01,4.269542429719661580e-01
3.436030240327666574e-01,4.235166219277458621e-01
3.492957183897476003e-01,4.465623787500876962e-01
3.483232554498869593e-01,4.410236388680826014e-01
2.849787766540663458e-01,4.278058133921786022e-01
2.652350842437978251e-01,4.123668175355139076e-01
3.173789297966597145e-01,4.349799304295542401e-01
2.494122050157520087e-01,3.266796271542486974e-01
2.444854944333996472e-01,2.683550578569585676e-01
3.412737186908127995e-01,3.608921727784721867e-01
3.033027454342135387e-01,3.371568511260469303e-01
2.990498856169852004e-01,3.481099874555889095e-01
3.635916152217805175e-01,3.796024520777663280e-01
3.874159676131196939e-01,3.867647918221086556e-01
3.195832221439918186e-01,3.821579115368835544e-01
2.459398445041908743e-01,3.364840603935111973e-01
2.145575899295923405e-01,3.996985757312392362e-01
2.249991598324909692e-01,4.062710783486289112e-01
2.391996700877780102e-01,3.314541383958190535e-01
2.332556764158291995e-01,3.408167468639311526e-01
2.254425813246002941e-01,3.385766115840705415e-01
4.247150356646721692e-01,3.707133137781277732e-01
6.347507726886592039e-01,3.862933973871666704e-01
5.505004397498917124e-01,3.953332826152771151e-01
3.567108716874246577e-01,4.072471065696910975e-01
4.429229815702313555e-01,4.149799533675440633e-01
4.661383622585800746e-01,4.246447010012999179e-01
3.562392477766959109e-01,4.207873500154377666e-01
3.184451091056850203e-01,4.448732457178173338e-01
2.698232815425435360e-01,3.545148279213244380e-01
5.212965209441339232e-01,4.409551338060249126e-01
6.570859468693118766e-01,4.378674076515083891e-01
5.101532462572099247e-01,4.000390725214344467e-01
4.593679212049447402e-01,4.434529433582670155e-01
3.687316314698916297e-01,3.394253566149521562e-01
3.106697680797381178e-01,2.584468869654657497e-01
2.815487114750808706e-01,2.340474061381641602e-01
3.391301744156922648e-01,3.323045804767924549e-01
2.861824816897462487e-01,3.146452852057108340e-01
5.479476392921607264e-01,3.406632128529575865e-01
5.693912262191888063e-01,3.530683806087537846e-01
4.610436978805050323e-01,3.741424575545407860e-01
5.665598519250194531e-01,4.194913531483258629e-01
3.931420916566270574e-01,3.276119132110041354e-01
3.106051511054852554e-01,3.768965164265732914e-01
2.783208780462794740e-01,3.889572825346293006e-01
3.178739633884588578e-01,3.801968978464542737e-01
2.886626087873465085e-01,3.677735206964175552e-01
4.664412292730861775e-01,4.075543478870504721e-01
3.786687675378317408e-01,3.506111814307304453e-01
5.160619316252161859e-01,4.040727558633041561e-01
4.978879264942749350e-01,4.101189850026988326e-01
3.717752046660709464e-01,4.229901242578303355e-01
3.624737345140475187e-01,4.373728358370624347e-01
3.746839777436704599e-01,4.458266003456163862e-01
3.176176401615748990e-01,4.205071191359949223e-01
2.988906804299528708e-01,4.456676110319902073e-01
3.368747438908752945e-01,4.463859036947745995e-01
3.328149724114861652e-01,4.624178574193857361e-01
4.290478632354044475e-01,4.630512498659974940e-01
3.593419240931777781e-01,4.557580004557522102e-01
3.235777942735234003e-01,4.201342022545382360e-01
2.570528374637609526e-01,3.259158723599859808e-01
2.400857114195173447e-01,2.796200587114691105e-01
2.846056423434473182e-01,4.029690883966617343e-01
2.725393168685585898e-01,3.439698496127561733e-01
3.055922963028613326e-01,3.830423453822342506e-01
5.888774097928751727e-01,3.945120605565230476e-01
4.050914827929018580e-01,3.556748850350969215e-01
4.077527119450132798e-01,3.962916897622694723e-01
3.103103346759461534e-01,3.476716383803747368e-01
2.501431893027831199e-01,4.045349950287157048e-01
2.383607421181200281e-01,4.193234711686315563e-01
4.609437355552082893e-01,4.146670443390192418e-01
3.515131789080158109e-01,3.950944131629055001e-01
3.383378886134551511e-01,4.087872815391039305e-01
4.743981093812755789e-01,4.417217729072939192e-01
3.610807205267708708e-01,4.434838400363901867e-01
5.744966848824800687e-01,4.603222130207177965e-01
3.892244551340630077e-01,3.498332996937902895e-01
4.241399986908546138e-01,4.384943556666296982e-01
3.706504791201712390e-01,3.866137095489935449e-01
3.949465450085084539e-01,4.178758701739515580e-01
3.354141300413638893e-01,3.855792200161798355e-01
2.809688386149236661e-01,3.051243608174259991e-01
3.074501740848282205e-01,3.629121983462265111e-01
4.830237617430177544e-01,3.852549918251413352e-01
5.628012451274516659e-01,3.899248497631154775e-01
4.118181679223230640e-01,4.087578453469710715e-01
4.265911769825447841e-01,4.197912658269210562e-01
3.675944224141372008e-01,4.194423666903379644e-01
3.448494361195691971e-01,4.281672142139053561e-01
3.220053297736511499e-01,4.175748270065690049e-01
2.606440485812536734e-01,3.411199851898601421e-01
3.124502437006512201e-01,4.140125369511571396e-01
3.863567411937836038e-01,4.116413159308914826e-01
5.070951786551791685e-01,4.275771696894107299e-01
4.424011856435817736e-01,4.220696131780891647e-01
5.209213769766751767e-01,4.325407166092234412e-01
4.629358304464668006e-01,4.445403133236714432e-01
3.568342943161288972e-01,3.530464695991393231e-01
3.774623892531026037e-01,4.385296718567273100e-01
3.052911649568560981e-01,4.422016548368365996e-01
3.201999969235354015e-01,4.029815929289730647e-01
2.855834880086077221e-01,3.690526854866290618e-01
5.057314427591288464e-01,4.273412410454591193e-01
4.138472470033467410e-01,4.215733909749468378e-01
4.373134661711256532e-01,4.486308868141935524e-01
4.102552211196026644e-01,4.595706427674032257e-01
3.364708140793440383e-01,4.664984904605736782e-01
4.211331188492568600e-01,4.829289543426195097e-01
4.542051806682261272e-01,4.647762913912527050e-01
3.713069146248164643e-01,4.748107224457530640e-01
2.907770406877048797e-01,4.009733614767311272e-01
5.214835221803725274e-01,4.728659094499328419e-01
4.609414813897553254e-01,4.689139896535718943e-01
3.971066202855894067e-01,4.261111024283429916e-01
3.379476387644945179e-01,3.749717891464855457e-01
3.843865441897214019e-01,4.470918235502156501e-01
3.446095902877702177e-01,3.631342753310476956e-01
3.279412137232621816e-01,4.173096399814237856e-01
3.665117263787354140e-01,4.165606237071989293e-01
2.948615820880131633e-01,4.319407570300650701e-01
4.257183918654433574e-01,4.397014102285380366e-01
5.619109736464649174e-01,4.507924468397276341e-01
4.051527703802220159e-01,4.001380081076310602e-01
3.290935624099740053e-01,4.458782347929546863e-01
2.715520344942531361e-01,3.486854619519648146e-01
2.849194873862370692e-01,4.367353043658962486e-01
3.172116404553848579e-01,4.319656269047646435e-01
4.428233769409137821e-01,4.339461100485562106e-01
4.355630930351823693e-01,4.513385013791670342e-01
4.117709258321311516e-01,4.579692363118426091e-01
5.019178558050158001e-01,4.731443485697436335e-01
3.864570200124163302e-01,4.764763323602980716e-01
3.448505507692427585e-01,4.539436441383331022e-01
2.798790954443609591e-01,4.894170170388888463e-01
3.620128092149502708e-01,4.731331316927095409e-01
4.569715260660706102e-01,4.852822470183574821e-01
6.285971885805149428e-01,4.961691414883808160e-01
5.055172075054655823e-01,4.761295597819515946e-01
4.841788289993587124e-01,5.032014510355844461e-01
4.364469644141565352e-01,4.914164626204509667e-01
3.678657225454903257e-01,4.829472537112870500e-01
4.124284069896919647e-01,4.935600838327137141e-01
3.659440287549368120e-01,4.562509846395040869e-01
3.917001875407327693e-01,4.993691996791203014e-01
5.385172406717529947e-01,4.945502466916298356e-01
6.113486568224462125e-01,5.110380569600283529e-01
4.395699288585983577e-01,3.855075494042425888e-01
4.061512952031778312e-01,4.387395526860543571e-01
4.226896297919570111e-01,4.603632746670988096e-01
3.429366924412071138e-01,4.233224392373328704e-01
6.358606172132595935e-01,4.670310728797104072e-01
4.754383271437628844e-01,4.572037441333841601e-01
4.894195611937486312e-01,4.699619486248082789e-01
5.071887419798649654e-01,4.667629060220006565e-01
4.880725743761650248e-01,4.769983126048361055e-01
3.794398680779980104e-01,4.775750284931383205e-01
3.992423600529985128e-01,4.964079433963878296e-01
3.165303387564075699e-01,3.987038322731402129e-01
3.582979506074208675e-01,4.959862472539819933e-01
3.277944893567937279e-01,3.796784043296538846e-01
3.414547056495816357e-01,4.557633237136567428e-01
4.155507575964753064e-01,4.500317871347812027e-01
4.594337504668092320e-01,4.754624033522980575e-01
4.360202816023329708e-01,4.703759303642475187e-01
4.018679238054408964e-01,4.823522300576900124e-01
6.038635344572675923e-01,4.913356429695578953e-01
4.075627030205873913e-01,4.929918152431678191e-01
3.951496391532001162e-01,4.428021552332626065e-01
3.340381866743464268e-01,4.699803367650973729e-01
3.602008922010416780e-01,4.512735442644320583e-01
3.177682018323186863e-01,3.626055602568069025e-01
3.599512027952090909e-01,4.162433944129443342e-01
3.033718411060555287e-01,3.185939208876479856e-01
3.499664383448153337e-01,4.201499377799045587e-01
3.221352306635597018e-01,3.178478062674420235e-01
3.738128055845512110e-01,3.901956155813789406e-01
3.295483335671450797e-01,4.030489350784837166e-01
5.399932820657084021e-01,4.165911763242470811e-01
3.614122476640805326e-01,3.200270635951665277e-01
3.098637742341568413e-01,4.051787179011008266e-01
2.734275371413340538e-01,3.438969498239361489e-01
2.313535876664057911e-01,2.699592049328078391e-01
3.361805153439290095e-01,3.661872598090109010e-01
2.891541692576748979e-01,3.820865527010878226e-01
3.165964157498603049e-01,3.522318824510251023e-01
3.538729716132883452e-01,3.775558736660075687e-01
2.853450764371114334e-01,2.893847527247937479e-01
2.345103373047540685e-01,3.649408590912076589e-01
3.603429772678067300e-01,3.792254107731928281e-01
3.287962026932118587e-01,3.890909411554019925e-01
2.590697122342932590e-01,4.032189656690474688e-01
4.043148224219901277e-01,4.155155974141445108e-01
4.740213888020177180e-01,4.291525823854924759e-01
3.679680692707554268e-01,4.238411456333122107e-01
3.580971581596705811e-01,4.361476300407550744e-01
2.689672415199876876e-01,3.321012079182724674e-01
2.988888234376317898e-01,4.128438906945334774e-01
3.499331468345031060e-01,4.218663229097932010e-01
4.478089984523502265e-01,4.356960141083321969e-01
6.169940980482938597e-01,4.531416157109901532e-01
4.283382508267887800e-01,3.431076720604578911e-01
4.218849918504431473e-01,4.069600505170786198e-01
3.784209033371734865e-01,4.174876154109148363e-01
4.272926070727002257e-01,4.236123746071618346e-01
3.158267205655848620e-01,4.365183581428552229e-01
3.951987904033740229e-01,4.455086840480282362e-01
3.187364875930482899e-01,3.565261864937191993e-01
3.299033152910740840e-01,4.060115117383716887e-01
2.726912122082826850e-01,3.229820303760316258e-01
2.635399154688580214e-01,4.069519752424645698e-01
3.096181139698491736e-01,4.139696183812285324e-01
3.035688548722850211e-01,3.988762545481604471e-01
3.979638413734528646e-01,3.884402659535949320e-01
2.881238373406627140e-01,3.605283475503511248e-01
4.688997041327298554e-01,4.062076655238139322e-01
3.544173154674801207e-01,4.259400199340912518e-01
2.968735617032777219e-01,3.755237927540144849e-01
2.425511576460587515e-01,4.340970458989333869e-01
3.890143982420480873e-01,4.369898989777790121e-01
4.609737657189753035e-01,4.552449608561265348e-01
3.965664857523261144e-01,4.521366768139530867e-01
3.897723397245315136e-01,4.683395897733160784e-01
2.909097573598853348e-01,4.841943879267825990e-01
2.707497692312844650e-01,3.773045646866744485e-01
2.598593672740808214e-01,3.049634693087935333e-01
2.517220045100523329e-01,3.880072871565497516e-01
2.397980299888976818e-01,2.728293441270768782e-01
2.829260853748279958e-01,3.538249255277814420e-01
2.510009493370509714e-01,2.213327776306341921e-01
2.498012971568591978e-01,1.967808122853517139e-01
3.499066040161715740e-01,2.906305473759605018e-01
2.599470117445202844e-01,1.192093885877188453e-01
2.367872635715183305e-01,2.125737476334660925e-01
2.140150942299138270e-01,2.082503666657462560e-01
2.802936212071884814e-01,2.500415140611289555e-01
2.474577377695915126e-01,2.784504447332443733e-01
2.229871385165318465e-01,1.711142694377348894e-01
2.080590873750515490e-01,2.652743321458948533e-01
2.107202696513036377e-01,2.760189752359935023e-01
3.580198659329781874e-01,3.105051490890315957e-01
2.566717112263081635e-01,2.957849322689715121e-01
3.518367837008788968e-01,3.377412688990213963e-01
3.600859766600823519e-01,3.599209612815714721e-01
3.515346250025487285e-01,3.459205602220273290e-01
4.323869375622781952e-01,3.739803593811558136e-01
3.300317597005581471e-01,3.904841366131674985e-01
3.972794744756442675e-01,4.027724351234456823e-01
3.993071718539750181e-01,4.187710199935417155e-01
5.216173364975923432e-01,4.306781103795390697e-01
4.745955154617758076e-01,4.420668362007175167e-01
3.499641968384415991e-01,3.479830486080730534e-01
4.608800256192839839e-01,4.196560793194704098e-01
3.336905554926024031e-01,3.027362251797618420e-01
2.883968740400354447e-01,2.429552372926457871e-01
2.898059252276696807e-01,2.034135986965076581e-01
6.048335865784422172e-01,3.132807645445680467e-01
6.233987818171081718e-01,3.124690708997821531e-01
6.564069588585187409e-01,3.269042901793330902e-01
4.665024954002948698e-01,2.332225964482664282e-01
3.565547863268119233e-01,3.193068768328234386e-01
4.643670666716850359e-01,3.494539864169218246e-01
3.467921800245398201e-01,3.376469049681931622e-01
2.820160837492596828e-01,2.439008804918024187e-01
2.667948419047356245e-01,2.925277445915092089e-01
2.491457821551384400e-01,1.870924678343193759e-01
2.951957789095727147e-01,2.589763889246745610e-01
4.547840806250225132e-01,3.107209720870078851e-01
3.369332915412062146e-01,3.116849791635807332e-01
3.038094232908685743e-01,2.977516713357474254e-01
4.064658963903329258e-01,3.235494639747237833e-01
3.589943970556105368e-01,3.409473196985642884e-01
2.755714309993393396e-01,3.631928507053072130e-01
2.878755884369728069e-01,3.831821610307433179e-01
2.426915806631697869e-01,3.898481265603025436e-01
3.044110191144543953e-01,4.091457949391937854e-01
5.181658670659567978e-01,4.151148112432458404e-01
3.798702662708309807e-01,3.417717716209621726e-01
3.069940692758720280e-01,3.780467831597696948e-01
4.306621403506136758e-01,4.131745735019468624e-01
4.460969801787948441e-01,4.132118529551190855e-01
5.635655963878515307e-01,4.322358924484778764e-01
3.768720320570205784e-01,3.295441724374797987e-01
3.984592033085581075e-01,3.831462564214657140e-01
4.510376229733285003e-01,3.889965589897399489e-01
4.584426615269683314e-01,3.951830059321909117e-01
3.381681028420217006e-01,2.650528259764268202e-01
2.975404668338178515e-01,3.301889425760416996e-01
5.703588131575472175e-01,3.667769621173518346e-01
7.145308019796641208e-01,3.988793582863539577e-01
5.256187795443115762e-01,2.774427977355812258e-01
3.812844455201098715e-01,2.351945505187748031e-01
3.923224771778152098e-01,3.451252502854216253e-01
3.354829145750831132e-01,2.691922789642012814e-01
3.203515281327646846e-01,3.041641194500039891e-01
2.762513352035147474e-01,3.466872857733486191e-01
3.213498777505252590e-01,3.863902373614704899e-01
3.178354555629681055e-01,2.962015768333707832e-01
3.880840276038307612e-01,3.534072970231467714e-01
3.133748826254383335e-01,3.771608163740143849e-01
2.510843666609783309e-01,2.670055993509786729e-01
3.472960620051488423e-01,3.700676722915922645e-01
2.735016024851932848e-01,3.054161949576336132e-01
3.162663004110246590e-01,3.575210302497725534e-01
5.766821574845738541e-01,3.637010098171133965e-01
5.760108848685545624e-01,3.956039042204405609e-01
3.917820229706878710e-01,3.452145340097541593e-01
3.636593676782473583e-01,4.108829775365444581e-01
3.425543159936422777e-01,4.080363084155678166e-01
2.875458039634831153e-01,4.148816917900012280e-01
4.111275080850954611e-01,4.258491166576175990e-01
3.420472583659447396e-01,4.423705619565819203e-01
3.486519940190774269e-01,4.012476658205912372e-01
3.563198423388834746e-01,3.839570328402164279e-01
3.235043158463380975e-01,3.570928950590148698e-01
2.947921471235197544e-01,4.113096783606144946e-01
3.807281285188869324e-01,4.201692049831392550e-01
2.852921873639698847e-01,3.188962603301501719e-01
4.810064970986043242e-01,3.982878173713821912e-01
4.394768723341038186e-01,3.762494876801484867e-01
3.856444364728347507e-01,3.915961178193421155e-01
3.832826975910136325e-01,4.227311655694951931e-01
3.028018335317393950e-01,3.723994398740839151e-01
3.008917410736520193e-01,4.108253107422307759e-01
3.094558364814965490e-01,4.183396496828422073e-01
4.833105747336776670e-01,4.329022571876927072e-01
3.458851845330940256e-01,4.501740697098199351e-01
3.213313051633170936e-01,3.840437004423301603e-01
2.579070597850612323e-01,3.224193172797931162e-01
3.568682676310457325e-01,4.138692602046831204e-01
6.399909753310690785e-01,4.224246121917007990e-01
4.274623784407532989e-01,3.811324403520563453e-01
3.786879894265848812e-01,3.758725505457405358e-01
3.990852052734991107e-01,4.125362099703616670e-01
5.598152622024358260e-01,4.310915175916226194e-01
5.165610001543943230e-01,4.148188680616221591e-01
4.182939053429184373e-01,4.450280753950282553e-01
3.185684249620889807e-01,4.436461698798426223e-01
5.618517419138141511e-01,4.669738343896234212e-01
5.634557850363597353e-01,4.716144452026385658e-01
4.831120914288276058e-01,4.780365152104262827e-01
3.869115784788875745e-01,4.411900545173156885e-01
3.226632173358200406e-01,3.509507866251012076e-01
2.719555328078194778e-01,2.896417540356995279e-01
3.722948208580886265e-01,3.900130060772689089e-01
3.594365898467649645e-01,3.491602456916290675e-01
4.262351837494174900e-01,3.735359473441137168e-01
5.248990947793327200e-01,3.904258588017041065e-01
3.734523952093522503e-01,3.116528599657548138e-01
4.553610368010034826e-01,3.805010309572330884e-01
3.418197028636110191e-01,2.601949749149721769e-01
2.709877247632849206e-01,2.209127276014100083e-01
2.331547040678684235e-01,3.388055391033389929e-01
4.301070731245224543e-01,3.466687936541817949e-01
3.446536293780525506e-01,3.268329891032216716e-01
3.008377201336217555e-01,2.763800268756311240e-01
3.684090465497923406e-01,3.324846950713286620e-01
2.811583928335384397e-01,3.312882641161473685e-01
3.275121510357895671e-01,3.721826605482678740e-01
2.956250371942240607e-01,3.837861176033122712e-01
2.657966125334089713e-01,4.160260633684528253e-01
2.416325816603729359e-01,3.200232750793248204e-01
2.435058402226935592e-01,2.638232166317793226e-01
2.150366187673906082e-01,2.299867202830581103e-01
2.441965860905531416e-01,3.286677605433349081e-01
3.429178427625384495e-01,3.241955620549356043e-01
3.265804348063832130e-01,3.273775615242467407e-01
3.193247676198078810e-01,3.548219182811008232e-01
5.525878746445835876e-01,3.678018940612286514e-01
3.570071780593040423e-01,2.610335098506979534e-01
2.972801568381820969e-01,3.735007310492231558e-01
2.654532491764565183e-01,3.775028483034355009e-01
2.313368622552450515e-01,3.871666388840176443e-01
3.806255303730996520e-01,4.049209653931506447e-01
5.336676135414134547e-01,4.152380181129802783e-01
3.754652649487075777e-01,3.224512076669383553e-01
3.301166499859149450e-01,3.805502164977984103e-01
4.587656754138816906e-01,4.031060157623511664e-01
3.276253723271990714e-01,3.868709017084779878e-01
4.715017013853654015e-01,4.118063156546621917e-01
5.448412655918482006e-01,4.262676598934087568e-01
5.786793010723897401e-01,4.280883670818217412e-01
4.138680503393068477e-01,3.249506594640493296e-01
3.563829868363391773e-01,2.898827895689290446e-01
3.231648814280116966e-01,3.895139616736311705e-01
2.729524445667408927e-01,2.879770602457821793e-01
4.264344273340624492e-01,3.746687696596102679e-01
4.253455104514245466e-01,3.830134630648077687e-01
3.516966101093399466e-01,3.151962077583380650e-01
5.166474690107251133e-01,3.735471639606169347e-01
5.677333071917175511e-01,3.928452317493412727e-01
4.124820486136071551e-01,4.028235018340945994e-01
3.465412699556387754e-01,4.185050362793991674e-01
5.466075411945393592e-01,4.314091705761086137e-01
3.988370920378341289e-01,4.444018483115395046e-01
5.505352614087398733e-01,4.469941945700050545e-01
4.239216392824877166e-01,3.331973211066851515e-01
3.439581406197260716e-01,4.085763490645203944e-01
5.056542081095024566e-01,4.367048026128791394e-01
5.919141463686211635e-01,4.292401005216613386e-01
7.558435237758746039e-01,4.338296496229965826e-01
7.770094250544427039e-01,4.596688258908921965e-01
7.197935257338911041e-01,4.675160730274843801e-01
6.720631532173770850e-01,4.704167532760248349e-01
5.259518363465969237e-01,3.588247330088182308e-01
4.268866228542648189e-01,4.551658318116931778e-01
4.724950868682509242e-01,4.508761058958334900e-01
3.934588909898270037e-01,3.727346439919234644e-01
5.997818327618718026e-01,4.392024546953671171e-01
4.913912707143720526e-01,3.423463415626027961e-01
6.322822640116211312e-01,4.475430187643958946e-01
5.019596035767891484e-01,3.305675653822364723e-01
4.502851187419115719e-01,3.790176745267491154e-01
3.637924405912805748e-01,3.776320214599502290e-01
3.552763524285372787e-01,3.908301143578990500e-01
5.996231184125211389e-01,4.170745060718558661e-01
4.287543665710109586e-01,3.549107530856614456e-01
6.469723480148381611e-01,4.139320957400136614e-01
4.712916796423162191e-01,4.061792766628347096e-01
3.783728448773221453e-01,3.191091395272471765e-01
3.475866063811230977e-01,4.068862078080666689e-01
3.742398532445212478e-01,4.124503258072002021e-01
3.462645002726217891e-01,4.069835697487117487e-01
3.656147803126024165e-01,4.387466335361902003e-01
5.066384419780739501e-01,4.641251408885896379e-01
3.922318995614761938e-01,4.564314714094888092e-01
4.803339566690728590e-01,4.682439745737284609e-01
4.043857043483055635e-01,4.718886629782490516e-01
3.163968109324667433e-01,4.854596316307583370e-01
4.884186025938260789e-01,4.971509130977740387e-01
4.641499944575454562e-01,4.798163581146627221e-01
4.030473135228098691e-01,4.801714373252702894e-01
4.941649729754526987e-01,5.002142959159932012e-01
4.290975261782360439e-01,4.692991510141226730e-01
3.745383967328175245e-01,4.683857709628859167e-01
3.798258081029087796e-01,4.434260261895278665e-01
3.288638639144383369e-01,4.450053204671004514e-01
4.222428967602350758e-01,4.797325949406447965e-01
4.187969053173777878e-01,4.596615980830299764e-01
3.647533561002236357e-01,4.355412353284859872e-01
2.932470155452322480e-01,3.234630217377555961e-01
3.100083454273310224e-01,3.638144129188628506e-01
3.183150184127102045e-01,4.132923949460324264e-01
2.596755891521350113e-01,2.999365876872488457e-01
3.787403128914654804e-01,4.063838626888234828e-01
3.644955329414822920e-01,4.078729641268060147e-01
3.185115519864746281e-01,3.023131106872757878e-01
2.580286105517513584e-01,2.534763835440850821e-01
2.714689899965329056e-01,3.610689432527977027e-01
2.302207215573454091e-01,3.041775779732106555e-01
2.174930578477264342e-01,2.121423735066462757e-01
2.203737207789873143e-01,1.690984869069716012e-01
2.061954165572336406e-01,2.815918041842813135e-01
5.093326584089955533e-01,2.791670862874683912e-01
6.967156348300554969e-01,2.985486035087160928e-01
4.416637773909827258e-01,2.930865865639490364e-01
3.144064693995205495e-01,3.145937325567014775e-01
3.500600149363187752e-01,3.455889158767498914e-01
3.038249536709981546e-01,3.582115678020876270e-01
3.002966727811372527e-01,3.735281812145897495e-01
2.741506239450265392e-01,3.966494071188015891e-01
3.399160353812030744e-01,4.002231717437527703e-01
4.821551088649330685e-01,4.211727412335948828e-01
6.049311647444987061e-01,4.228230947133992945e-01
4.896988625026371666e-01,4.361511345299079467e-01
3.946459306280521995e-01,4.333632260720871043e-01
4.268856434108811992e-01,4.540936682093167365e-01
3.552969175341320618e-01,4.256642752668818308e-01
3.734842963276000516e-01,4.355713125946372166e-01
4.880060676390829411e-01,4.602622461000467347e-01
4.442848824215316350e-01,4.587217240846260258e-01
5.387772065128687560e-01,4.750189917257860994e-01
4.443257692222694066e-01,4.330676172601196638e-01
3.992518793905790453e-01,4.240724021499270302e-01
4.205493075122501700e-01,4.652007515116930447e-01
3.888827159528854827e-01,4.607160492818165309e-01
4.076351683881602739e-01,4.727308763440050687e-01
3.232011712037761164e-01,3.993501079643817508e-01
4.819565337129607663e-01,4.720906177170657303e-01
4.376325072770967939e-01,4.599935613815862023e-01
4.942926124488365991e-01,4.717698520355892988e-01
3.994828735257394126e-01,4.689404002519368397e-01
3.215242523399444163e-01,4.461407968697750359e-01
5.135364879044497233e-01,4.819155225278088928e-01
4.158044961733379230e-01,4.663492162416288944e-01
5.400636253401857045e-01,4.924679496135775936e-01
4.109125601285763540e-01,4.896771066552277896e-01
5.913114919285300530e-01,4.901171801821788687e-01
6.055880053456504930e-01,4.937624117142839220e-01
5.330204318923288387e-01,5.006680068709734588e-01
4.297314443286377461e-01,4.415875979029634246e-01
3.671569841491737485e-01,4.930963618624797373e-01
5.875245404207790623e-01,4.925019954796223676e-01
4.671902934360309123e-01,4.539282582535967281e-01
4.112794131075315773e-01,4.520561883562536076e-01
5.031891907181353929e-01,4.941300990256680681e-01
6.641699467247922373e-01,4.854052896266806694e-01
5.384907553164358651e-01,4.481732623226865053e-01
5.426653861030410475e-01,4.863585093916831248e-01
4.733534929044324047e-01,4.898779799683458114e-01
4.710003912956406413e-01,4.859143671831563926e-01
6.911727089454975381e-01,5.071899818834858520e-01
5.671857478824655630e-01,5.039517078489321733e-01
4.805076502600967858e-01,5.131894106727961091e-01
4.100594870437824779e-01,4.085131759565577836e-01
4.081205118706729973e-01,4.315839035479427932e-01
3.470720493286147956e-01,4.138770857583731200e-01
3.890563915056191036e-01,4.254782776501122576e-01
3.553839285927519187e-01,3.102367412290655269e-01
3.293939736146251906e-01,3.338619424279080095e-01
5.433880304317993959e-01,3.951152727084863980e-01
4.532901687309298655e-01,3.301244584659359660e-01
3.477845945930416738e-01,2.295883259181007441e-01
2.836162111843024691e-01,1.934106152872629991e-01
2.608943848429312595e-01,2.388033210258048711e-01
2.406394849390409985e-01,1.386198635852312067e-01
2.611275639306084306e-01,2.224521785183153355e-01
2.377630520917966284e-01,2.126301779646386780e-01
2.678792338520367133e-01,2.498034231438603370e-01
3.498293491105332054e-01,2.667796695360656334e-01
3.364225364756276981e-01,2.928603020566099557e-01
2.678190076319186819e-01,3.262362614491757795e-01
2.399968387791515390e-01,2.948401520828352607e-01
2.280627011444971985e-01,3.151682082526918727e-01
2.549154572061813062e-01,3.358696878227001026e-01
2.925191740478565450e-01,3.562768008008777576e-01
2.392633912914243766e-01,2.609815138323697825e-01
4.296066068561551488e-01,3.661994592529841386e-01
2.959134196913648651e-01,2.623559129876776863e-01
4.076787265446515374e-01,3.497985030216397839e-01
5.169264960857200553e-01,3.582888771822170249e-01
3.436120580853035955e-01,2.694128084841710957e-01
3.111790795186925029e-01,3.536032160601803032e-01
2.674338927947980671e-01,2.704275187133152736e-01
4.284957667834353723e-01,3.563375634509975409e-01
3.342460273999751097e-01,3.631605151588493396e-01
3.029951850558779691e-01,2.877777454222928966e-01
2.496816293593674130e-01,2.978180029779673443e-01
2.812192546299325802e-01,3.142681959280458348e-01
3.934921875906955968e-01,3.677861339915658445e-01
2.958287494290515740e-01,3.570733421125223406e-01
2.942058708043812087e-01,3.623355450653294452e-01
2.512314153675407891e-01,3.872355722667885081e-01
2.742216371304023736e-01,3.333717385538805256e-01
2.394604510078187365e-01,2.585981751350815983e-01
2.519646282556232686e-01,3.792840578175702970e-01
2.310437900482710250e-01,2.710042423982830795e-01
2.987507129413663476e-01,3.660588753230538117e-01
3.571079907704536316e-01,3.776200859820257882e-01
3.288720786181587030e-01,3.681483341090787120e-01
2.710479052204716188e-01,3.542070602116024203e-01
3.341064778078034481e-01,3.711547628591645998e-01
2.615186294250805843e-01,2.725897428602554462e-01
2.216628860888618657e-01,2.575048971843271750e-01
2.554927340227373112e-01,2.375491976954707263e-01
2.137504408255905819e-01,1.554277966034772196e-01
3.644474362335344830e-01,2.835008671231437627e-01
4.520305727516570338e-01,2.812915163487418324e-01
4.121349920145993551e-01,3.114310717679122931e-01
3.146562025078624147e-01,3.106894707421866131e-01
3.775098018691196433e-01,3.246888861414899963e-01
3.257300983654309867e-01,3.471155847761995816e-01
3.335214079571331425e-01,3.697702983286618172e-01
2.880977473009207479e-01,3.846668029434361369e-01
2.384177717073414915e-01,3.809982996588654469e-01
2.339980697725270176e-01,3.015760877207831481e-01
4.484329352423203074e-01,4.024054359352482457e-01
5.112343861070508533e-01,4.057190584908241249e-01
3.820318966831890428e-01,3.983686297289220080e-01
4.043771235012089127e-01,4.087560172445017237e-01
4.086178314931969702e-01,3.939490354513950354e-01
4.063733561555239460e-01,4.123090039355614689e-01
3.261883904733808848e-01,3.376438899429751173e-01
3.029153957755820192e-01,3.275750057963391915e-01
2.542282257021541980e-01,2.738592345126130700e-01
4.554460851170003544e-01,3.661140806436405382e-01
3.365554255244822546e-01,2.391324062112297755e-01
3.245769796337151236e-01,3.399219262932817731e-01
2.622558561373937724e-01,2.002293451659413748e-01
2.473957324856019546e-01,1.739264726394403882e-01
2.786272255484816274e-01,2.732774808877430628e-01
2.435002795197736269e-01,2.316132957146234128e-01
2.260745530734905306e-01,1.807910207623918963e-01
2.289488485337585477e-01,2.614106113291584377e-01
2.985712805025073635e-01,2.415309436453447756e-01
2.361919152999960303e-01,1.954470697450110817e-01
2.478081170563281310e-01,2.375615687438832335e-01
2.087832932035527667e-01,1.680290613307636738e-01
2.208937976774883183e-01,2.672697567173966671e-01
2.595225946054086075e-01,2.758652981132571069e-01
2.578580468822642136e-01,2.966204314080846949e-01
2.489373416242129933e-01,3.183080656084796844e-01
3.527028617279170941e-01,3.397718182978543000e-01
2.976857587208141531e-01,3.249205414373769751e-01
2.692634032529448440e-01,3.683759213581674352e-01
2.470654256883863809e-01,3.396180906976870029e-01
2.219836015793689998e-01,3.422356944007665103e-01
2.849500537706550762e-01,3.435559342778931047e-01
2.813567807904840956e-01,3.808362068283739355e-01
3.611995242373405857e-01,3.881465770318380804e-01
3.503018397075553514e-01,4.024672252804051276e-01
2.724254912234443382e-01,2.957572796365706136e-01
2.217920846559879866e-01,2.332847597064012790e-01
2.865380402890967959e-01,3.261692288727720546e-01
2.719201606011518724e-01,3.359288373593749544e-01
2.851619893600997324e-01,3.551513495901766904e-01
2.772236812301764886e-01,3.497710592511884542e-01
3.384131273458730327e-01,3.751883940415880470e-01
4.091392928716127697e-01,4.010072922379538940e-01
4.013492495914533498e-01,4.074989489596264058e-01
2.857221450525596063e-01,3.340931308672513422e-01
2.293070101934854832e-01,3.525637492136458606e-01
2.676223252293831179e-01,3.654991670261635850e-01
3.150791735970396301e-01,3.833048338842315328e-01
2.827461519368300591e-01,3.330590214659928106e-01
3.283968761323612373e-01,3.882979453601179687e-01
3.565456648555883623e-01,3.720682011330355698e-01
4.364551393494383591e-01,4.108747561426940309e-01
4.847699519036517968e-01,4.270015299996164360e-01
3.326084243264533225e-01,3.195251354520500797e-01
3.152571292730037555e-01,4.094838654371770192e-01
3.686882330954481812e-01,4.145952325354358425e-01
5.034303777818944781e-01,4.271860092934584019e-01
3.673384415032693306e-01,4.113546193032395215e-01
2.900714894900601193e-01,2.922438021623182669e-01
2.857641408930856608e-01,3.879557044598523907e-01
4.038883534055330848e-01,4.071796791380867253e-01
4.323138578347299754e-01,3.979405308291181220e-01
3.125425167741421872e-01,3.002658145395564193e-01
2.580794061272581597e-01,2.534363963989361701e-01
3.546271410719972206e-01,3.497616786260079880e-01
5.979644426374559618e-01,3.663669688036699790e-01
4.022584787229566139e-01,2.606647655927207818e-01
3.063521908435157259e-01,3.634549905330385910e-01
3.197952753213504362e-01,3.696709501842526668e-01
4.483756700297071296e-01,3.763139288062882226e-01
3.928007084898149648e-01,3.797802050386630546e-01
3.025360837143737935e-01,4.097557650347063429e-01
2.531691617027358454e-01,3.959574493183225519e-01
2.477612529361016003e-01,2.889892823523954046e-01
2.854305084845504270e-01,3.182088109290479028e-01
2.623639728114036673e-01,3.726526309236623535e-01
3.156344801760726515e-01,3.499032248929033750e-01
2.528812104479760681e-01,2.511909782993330120e-01
3.608218194723553651e-01,3.635833984379217565e-01
3.424562898192760052e-01,3.636133494505638941e-01
4.658755577262470027e-01,3.588592962549572163e-01
3.118380764822226148e-01,3.239260795364323764e-01
2.529720420166287065e-01,2.556898358776608093e-01
2.155272078282280124e-01,1.922601935768951664e-01
2.737327278612710080e-01,2.257505190859965816e-01
2.967329436706662715e-01,2.741048242957666026e-01
2.398147358437567600e-01,2.463369061860328779e-01
2.402271982684889284e-01,2.338839852027631006e-01
3.747586581667015082e-01,2.877262299331840856e-01
4.071474782449683305e-01,3.135610931309644744e-01
2.849573457680930066e-01,3.260758379803153084e-01
2.838246180203003455e-01,3.520073850205533983e-01
2.264034456433542120e-01,3.104136442167456100e-01
2.047295729761029470e-01,2.304072223083329929e-01
3.491669882758620114e-01,3.544914880967638404e-01
3.466798381352669822e-01,3.477520763091432876e-01
2.930193091403117123e-01,3.685494857907213317e-01
4.632917051003280218e-01,3.814363782465054475e-01
3.861692088018771063e-01,3.756021477505033790e-01
4.495530364838828952e-01,3.934248694426036308e-01
4.675342884737150317e-01,4.195840832883911409e-01
3.505666280713591876e-01,3.955205193288190424e-01
2.820063659466831574e-01,4.295642145242858367e-01
2.657796672787164916e-01,3.302976998643506468e-01
3.765910714413744920e-01,4.182481649437982396e-01
4.169019682522778769e-01,4.287706904454341439e-01
5.205533640955737340e-01,4.317638532523854766e-01
3.760339264223719891e-01,3.303202513555972830e-01
4.853472464533830077e-01,4.289353215688975207e-01
3.639226867277345345e-01,3.268936412443397832e-01
3.781524293192866093e-01,4.046476653309553084e-01
4.517234190316006259e-01,3.953769636425469303e-01
3.349696253983167615e-01,3.700161631335013301e-01
3.731073033631847613e-01,4.171650245947531310e-01
5.271323299329717660e-01,4.368998998417272794e-01
3.830005773555513748e-01,3.634775799826641118e-01
3.273515459340955447e-01,4.459021634464975792e-01
4.525384859685604999e-01,4.533105192795437444e-01
3.534568584536739166e-01,4.565016443386706868e-01
4.639224352728494871e-01,4.646533537340659104e-01
4.114343055886380274e-01,4.319823917948537595e-01
3.093365520577153194e-01,3.655644705164750041e-01
3.359588743829763358e-01,4.342851270583059087e-01
5.636425770351390918e-01,4.458750097282861979e-01
3.952018427771738507e-01,4.371789596723748006e-01
3.704501850069095159e-01,4.040855374896092367e-01
3.435875813482998087e-01,3.906536864639875151e-01
3.942123487499678003e-01,4.383897565598806612e-01
4.879986509399698580e-01,4.494709995977594907e-01
3.509012137464053716e-01,3.381462296493134567e-01
2.755105938711293612e-01,2.792000451812155504e-01
3.048597692731075393e-01,3.822994689857833750e-01
4.993284849276629078e-01,3.911443232517686774e-01
4.804113808031389432e-01,3.970000920226884888e-01
4.037004380352899879e-01,4.142102600387563838e-01
3.692235958537122276e-01,4.176704067891664485e-01
3.244585013051810019e-01,3.766226587007779347e-01
4.288117840353325994e-01,4.296296649593109862e-01
3.194926565678203323e-01,4.235386440098499738e-01
2.818350212307615399e-01,4.317360442931582609e-01
4.109373219282477230e-01,4.482915601991952492e-01
5.415453137923693649e-01,4.533919483052110122e-01
5.142374490391208308e-01,4.637745742007884919e-01
5.805589316215868934e-01,4.864602444315332397e-01
4.283559071898518367e-01,3.813653449220828495e-01
3.644474633510440542e-01,4.713364299708082683e-01
4.705593515204949950e-01,4.651360886190075705e-01
4.453558991413439916e-01,4.678163591541986133e-01
5.126403910763600580e-01,4.806842889346617520e-01
5.544865515893080410e-01,4.838516053596017552e-01
4.269928749571483273e-01,3.728686852127146012e-01
3.582980683997233351e-01,3.462154180959581273e-01
5.503601213545211701e-01,4.290676221621550490e-01
4.041733634787927354e-01,3.904293923203888128e-01
4.863222650588009399e-01,4.176329735273219268e-01
3.887121119642937828e-01,3.107277794937717275e-01
4.938872319469864713e-01,4.004333868502204519e-01
4.615178557018368988e-01,3.899494942255246066e-01
4.984826255118285365e-01,4.186830573638227748e-01
3.652513052150797579e-01,3.102019084135951843e-01
3.263016482474079827e-01,4.166528256088656290e-01
3.847178618128885841e-01,4.004831537360110660e-01
3.868107924729397018e-01,4.256345868282921385e-01
3.726544488597330895e-01,3.937803714033528690e-01
3.037641042936954916e-01,4.243071861221827668e-01
4.440880212458895304e-01,4.332702262359123813e-01
4.402449360634881348e-01,4.528462626657585588e-01
5.271192547481575730e-01,4.601904363730213721e-01
3.694197746896932255e-01,4.616324294102656101e-01
5.469441850039115094e-01,4.726978133001338289e-01
4.877068144967839913e-01,4.854224385122855034e-01
5.369352172865837769e-01,4.957356176337266440e-01
4.500506850139529558e-01,5.043060239433623249e-01
4.852890844679018656e-01,5.173288050458756393e-01
3.579857848013578980e-01,4.201891624336689945e-01
4.928124002334716147e-01,4.989251000215468856e-01
4.751075321104176741e-01,5.013345974335399191e-01
5.680628314832134595e-01,5.054439342418809433e-01
4.818243671415330942e-01,3.972097091714139605e-01
4.241726008171894380e-01,3.959888469011937362e-01
4.769955075163820890e-01,4.365284291894819257e-01
5.693174045926117088e-01,4.397956151715681772e-01
6.512655947372307796e-01,4.359033948684054582e-01
4.577023403762692233e-01,3.449860853151245355e-01
4.763047953186794192e-01,3.985870395900675822e-01
4.062808921908894755e-01,3.752908059932431595e-01
3.390332401274133156e-01,2.709760971322141554e-01
3.002960001812203794e-01,2.993603653854017832e-01
3.133801338638240175e-01,3.551149085107319081e-01
3.546791809568615728e-01,3.502354410344801217e-01
5.273624264870023781e-01,3.759235251904409214e-01
5.517737220316938362e-01,3.821281393360357881e-01
3.901411055864728583e-01,3.563258439981783487e-01
4.407587279181172102e-01,3.918252044379993970e-01
3.283453488279011179e-01,3.021092414192417253e-01
2.718327471699086839e-01,3.713766841614433711e-01
2.761360568645521152e-01,3.893612928591168032e-01
3.715499166374414131e-01,3.942208635685534590e-01
2.932122018276788200e-01,3.034934682414248686e-01
4.747991562397535503e-01,3.874306399748639329e-01
5.893476315802543830e-01,3.957026170070502280e-01
4.570460454766269720e-01,4.229856777530095480e-01
5.216243726885340104e-01,4.267226256434684672e-01
3.675689992484892921e-01,4.043201991474476009e-01
3.312234042553879321e-01,3.877448110760060018e-01
2.710958073490515874e-01,2.979453568824471654e-01
2.935005728742067221e-01,3.465262114886843992e-01
2.662251747802758528e-01,3.937190965452567193e-01
3.716289885547653382e-01,4.009580772538139937e-01
3.285521317257658058e-01,3.009235355660109801e-01
3.543873963858751308e-01,3.603212162056034229e-01
3.930026638726167310e-01,3.813053559258509084e-01
3.414935037803353834e-01,3.956068771396494266e-01
2.773105708217121768e-01,3.096361032757194987e-01
2.371480223973978507e-01,3.839852027317349759e-01
2.956508077268418244e-01,4.059638535389643588e-01
4.249122525905694170e-01,4.037509133195461564e-01
4.217658736298706135e-01,4.246185000632078377e-01
3.344185235674000389e-01,4.400887925509557874e-01
3.596260495693248682e-01,4.492242324850221902e-01
3.726232719194451093e-01,4.615477900568105141e-01
3.087279483341156539e-01,3.912207910581118053e-01
2.648533189277473276e-01,4.392382624910536326e-01
4.356567379998294021e-01,4.428487942426422297e-01
5.438968924498592816e-01,4.605462975398338932e-01
4.013534131273807093e-01,3.395800559692853660e-01
3.258932183864846621e-01,3.006366187441751880e-01
3.551412257556954000e-01,3.757189388127555318e-01
5.635233437971897130e-01,4.105753918039074524e-01
4.059829520144216941e-01,2.983639959206944026e-01
3.052445803016451409e-01,2.245250411458067363e-01
2.809594100898666902e-01,2.519190649587471076e-01
4.295163217494505359e-01,3.256785373442952491e-01
5.773630634740128942e-01,3.336063185706417134e-01
3.955812411656566274e-01,2.081265291555248753e-01
3.019174141133562639e-01,1.888071637792831936e-01
3.451063828728232474e-01,3.039763506451120811e-01
4.321328535445035923e-01,2.886016203195610474e-01
3.246596515292128338e-01,2.593198993901362215e-01
2.724644405455401985e-01,3.293521510299096677e-01
2.405895115183173116e-01,2.279894096240752122e-01
3.435473459989493161e-01,3.001676023131115700e-01
3.469732342676777881e-01,2.695381337215367323e-01
2.772883464696447864e-01,3.079679276620095330e-01
2.413446858190028410e-01,3.070248577712181293e-01
4.772759358495257676e-01,3.306466246726886271e-01
4.318326246166112048e-01,3.641959180973086685e-01
3.102489313293027573e-01,2.653141185552333470e-01
3.912969618036499231e-01,3.548244997733663308e-01
3.193943346242494874e-01,3.718677537913713804e-01
2.738285800792559233e-01,2.860249084408579834e-01
2.961652210168044252e-01,3.777484298244592198e-01
5.583694498838129849e-01,3.787942838613777008e-01
4.118757030216556592e-01,3.577278609771978868e-01
3.646714713581843403e-01,3.069087460109400922e-01
4.430462207788402607e-01,3.750355427494188043e-01
3.225225799722191145e-01,2.841947097230541619e-01
3.991753717094469467e-01,3.705460617349107810e-01
3.514898753069071180e-01,2.886594312012766839e-01
3.011782115341660737e-01,3.666679888180798264e-01
2.545420662130767897e-01,2.384117002161302845e-01
2.958265954335900227e-01,2.440161389608764830e-01
3.132949209484569009e-01,3.031640445908646009e-01
2.899242325882088744e-01,3.397047840003846186e-01
2.696639802234152561e-01,2.296599338526971179e-01
2.321730794355781891e-01,2.386143138156026633e-01
4.228372174777050851e-01,3.072897841146768894e-01
3.604001361492964461e-01,3.393369544911100655e-01
3.203205968359461586e-01,3.015342709866147830e-01
2.533486293019232560e-01,3.347463299315883711e-01
2.182493892814502956e-01,2.626046286889660020e-01
3.209664953626711892e-01,3.496344866641064586e-01
4.555673418711122524e-01,3.534709259446033869e-01
3.399354893132848221e-01,3.628894594313556432e-01
2.811736591460438639e-01,3.647434385220414410e-01
4.275259380264653242e-01,3.901189650233556905e-01
5.143092415342560564e-01,4.027070726334085471e-01
3.939892625893206546e-01,4.144323686272208263e-01
5.292971090160701886e-01,4.233568493151997902e-01
3.741185848761848787e-01,4.338159589582442632e-01
3.624236402575172766e-01,4.362434962770884717e-01
5.130766846762884192e-01,4.534226142737829424e-01
4.933383507451247763e-01,4.577735033314358493e-01
3.965883150563187520e-01,4.309189959274767334e-01
3.525345547064101526e-01,3.865215836597793997e-01
4.007671637080725269e-01,4.458578585082526580e-01
3.682926622814387541e-01,4.331062599373679545e-01
5.202464818328585983e-01,4.581550277435948448e-01
6.151718539889546866e-01,4.682242509851179957e-01
5.290532323061484243e-01,4.593439039305493576e-01
4.447604041915409478e-01,4.584638263658806778e-01
4.440464274104057862e-01,4.732019154667700955e-01
4.531065391884429028e-01,4.852829877644567191e-01
3.675184036598874160e-01,4.560003064305849230e-01
3.529375063533652934e-01,4.694814023895304556e-01
3.814301094636607381e-01,4.828577160055250728e-01
5.745387708252464032e-01,4.861375130365861441e-01
5.896906109405881669e-01,4.919951663643804540e-01
5.683983907185395923e-01,5.189721477915488768e-01
4.612518609164540928e-01,5.162588185053755829e-01
4.564659710390077674e-01,5.205621807171629811e-01
6.149270696489601562e-01,5.228607922030444888e-01
5.014317282360950534e-01,5.139098634241969776e-01
4.280392362559807262e-01,5.255862151665010584e-01
3.697031056225045242e-01,4.306364973899611814e-01
4.867819344677400961e-01,5.166128652596975179e-01
5.540337872791464280e-01,5.239757302639015402e-01
4.250397328062482938e-01,4.227327468814547906e-01
5.286184836220553240e-01,5.073186029855092372e-01
4.177144089212277978e-01,3.971437766088894428e-01
4.571276588863089074e-01,4.702095396198249233e-01
4.386302494967408983e-01,4.818586446690114045e-01
5.205620037090233909e-01,4.783481162576408430e-01
4.072922332920088095e-01,4.904355749011716781e-01
4.303426226914668362e-01,4.826783400898461140e-01
5.346306262686728594e-01,4.877440853714531399e-01
3.979534578648618037e-01,4.885026921164014047e-01
6.398774352977403268e-01,5.044200248124458552e-01
4.937493417463463263e-01,5.030804011602083570e-01
4.127160881853378926e-01,4.810964465381782906e-01
3.336991135114066864e-01,3.661349649788527283e-01
3.568850426850765922e-01,3.858568044617597392e-01
3.009301461857777360e-01,3.052110419283841081e-01
4.470752592164652928e-01,4.092478354517118389e-01
4.168531085724541674e-01,3.859000774667336042e-01
4.374422951174851137e-01,4.113276007444873761e-01
5.062102508712491566e-01,4.074891672317597080e-01
3.832631576715198607e-01,3.511604184891327085e-01
3.851277317227231878e-01,4.192668501817894966e-01
2.968791977314703123e-01,3.756778158409659896e-01
3.052987976900780609e-01,3.873594752995134227e-01
2.508024868006426544e-01,2.820733200229579296e-01
2.293000874567941438e-01,2.114278665584226058e-01
2.564399623597123368e-01,3.091918803088723466e-01
4.049900998494558868e-01,3.330584037137629405e-01
4.457892040892899033e-01,3.402231081257447998e-01
3.325955534134662495e-01,3.580558073075346681e-01
2.710444187917294689e-01,2.536876233019651483e-01
